ID,Store,Date,IsHoliday,Dept,Weekly_Sales,Temperature,Fuel_Price,MarkDown1,MarkDown2,MarkDown3,MarkDown4,MarkDown5,CPI,Unemployment,Type,Size
7170,1,2012-01-06,0,17,8086.43,49.01,3.157,6277.39,21813.16,143.1,1450.13,8483,219.7142581,7.348,3,151315
7180,1,2012-01-06,0,18,7018.32,49.01,3.157,6277.39,21813.16,143.1,1450.13,8483,219.7142581,7.348,3,151315
7181,1,2012-01-06,0,19,607.22,49.01,3.157,6277.39,21813.16,143.1,1450.13,8483,219.7142581,7.348,3,151315
7184,1,2012-01-06,0,12,7634.97,49.01,3.157,6277.39,21813.16,143.1,1450.13,8483,219.7142581,7.348,3,151315
7192,1,2012-01-06,0,1,16567.69,49.01,3.157,6277.39,21813.16,143.1,1450.13,8483,219.7142581,7.348,3,151315
7195,1,2012-01-06,0,16,6258.08,49.01,3.157,6277.39,21813.16,143.1,1450.13,8483,219.7142581,7.348,3,151315
7198,1,2012-01-06,0,7,12377.76,49.01,3.157,6277.39,21813.16,143.1,1450.13,8483,219.7142581,7.348,3,151315
7200,1,2012-01-06,0,4,40925.76,49.01,3.157,6277.39,21813.16,143.1,1450.13,8483,219.7142581,7.348,3,151315
7203,1,2012-01-06,0,5,23105.81,49.01,3.157,6277.39,21813.16,143.1,1450.13,8483,219.7142581,7.348,3,151315
7206,1,2012-01-06,0,11,25666.34,49.01,3.157,6277.39,21813.16,143.1,1450.13,8483,219.7142581,7.348,3,151315
7207,1,2012-01-06,0,10,29927.33,49.01,3.157,6277.39,21813.16,143.1,1450.13,8483,219.7142581,7.348,3,151315
7208,1,2012-01-06,0,8,36797,49.01,3.157,6277.39,21813.16,143.1,1450.13,8483,219.7142581,7.348,3,151315
7211,1,2012-01-06,0,2,44481.38,49.01,3.157,6277.39,21813.16,143.1,1450.13,8483,219.7142581,7.348,3,151315
7212,1,2012-01-06,0,20,3246.33,49.01,3.157,6277.39,21813.16,143.1,1450.13,8483,219.7142581,7.348,3,151315
7214,1,2012-01-06,0,3,13926.04,49.01,3.157,6277.39,21813.16,143.1,1450.13,8483,219.7142581,7.348,3,151315
7215,1,2012-01-06,0,6,3665.25,49.01,3.157,6277.39,21813.16,143.1,1450.13,8483,219.7142581,7.348,3,151315
7221,1,2012-01-06,0,14,14585.64,49.01,3.157,6277.39,21813.16,143.1,1450.13,8483,219.7142581,7.348,3,151315
7229,1,2012-01-06,0,13,41411.4,49.01,3.157,6277.39,21813.16,143.1,1450.13,8483,219.7142581,7.348,3,151315
7236,1,2012-01-06,0,9,20705.21,49.01,3.157,6277.39,21813.16,143.1,1450.13,8483,219.7142581,7.348,3,151315
7241,1,2012-01-13,0,1,16894.4,48.53,3.261,5183.29,8025.87,42.24,453.08,3719.38,219.8925263,7.348,3,151315
7246,1,2012-01-13,0,17,9454.17,48.53,3.261,5183.29,8025.87,42.24,453.08,3719.38,219.8925263,7.348,3,151315
7247,1,2012-01-13,0,19,758.08,48.53,3.261,5183.29,8025.87,42.24,453.08,3719.38,219.8925263,7.348,3,151315
7249,1,2012-01-13,0,4,36582.36,48.53,3.261,5183.29,8025.87,42.24,453.08,3719.38,219.8925263,7.348,3,151315
7256,1,2012-01-13,0,18,1700.85,48.53,3.261,5183.29,8025.87,42.24,453.08,3719.38,219.8925263,7.348,3,151315
7259,1,2012-01-13,0,11,24493.4,48.53,3.261,5183.29,8025.87,42.24,453.08,3719.38,219.8925263,7.348,3,151315
7260,1,2012-01-13,0,7,9194.61,48.53,3.261,5183.29,8025.87,42.24,453.08,3719.38,219.8925263,7.348,3,151315
7263,1,2012-01-13,0,10,23995.69,48.53,3.261,5183.29,8025.87,42.24,453.08,3719.38,219.8925263,7.348,3,151315
7267,1,2012-01-13,0,2,43353.09,48.53,3.261,5183.29,8025.87,42.24,453.08,3719.38,219.8925263,7.348,3,151315
7268,1,2012-01-13,0,8,34033.89,48.53,3.261,5183.29,8025.87,42.24,453.08,3719.38,219.8925263,7.348,3,151315
7275,1,2012-01-13,0,12,8111.01,48.53,3.261,5183.29,8025.87,42.24,453.08,3719.38,219.8925263,7.348,3,151315
7278,1,2012-01-13,0,16,5894.86,48.53,3.261,5183.29,8025.87,42.24,453.08,3719.38,219.8925263,7.348,3,151315
7279,1,2012-01-13,0,14,14311.83,48.53,3.261,5183.29,8025.87,42.24,453.08,3719.38,219.8925263,7.348,3,151315
7281,1,2012-01-13,0,3,13822.49,48.53,3.261,5183.29,8025.87,42.24,453.08,3719.38,219.8925263,7.348,3,151315
7283,1,2012-01-13,0,13,38000.25,48.53,3.261,5183.29,8025.87,42.24,453.08,3719.38,219.8925263,7.348,3,151315
7287,1,2012-01-13,0,20,4485.95,48.53,3.261,5183.29,8025.87,42.24,453.08,3719.38,219.8925263,7.348,3,151315
7289,1,2012-01-13,0,5,19281.61,48.53,3.261,5183.29,8025.87,42.24,453.08,3719.38,219.8925263,7.348,3,151315
7297,1,2012-01-13,0,9,15416.12,48.53,3.261,5183.29,8025.87,42.24,453.08,3719.38,219.8925263,7.348,3,151315
7302,1,2012-01-13,0,6,2460.92,48.53,3.261,5183.29,8025.87,42.24,453.08,3719.38,219.8925263,7.348,3,151315
7312,1,2012-01-20,0,1,18365.1,54.11,3.268,4139.87,2807.19,33.88,500.62,3400.21,219.9856893,7.348,3,151315
7315,1,2012-01-20,0,11,20707.62,54.11,3.268,4139.87,2807.19,33.88,500.62,3400.21,219.9856893,7.348,3,151315
7317,1,2012-01-20,0,7,10189.61,54.11,3.268,4139.87,2807.19,33.88,500.62,3400.21,219.9856893,7.348,3,151315
7320,1,2012-01-20,0,2,43753.43,54.11,3.268,4139.87,2807.19,33.88,500.62,3400.21,219.9856893,7.348,3,151315
7323,1,2012-01-20,0,12,9296.13,54.11,3.268,4139.87,2807.19,33.88,500.62,3400.21,219.9856893,7.348,3,151315
7326,1,2012-01-20,0,17,7968.85,54.11,3.268,4139.87,2807.19,33.88,500.62,3400.21,219.9856893,7.348,3,151315
7328,1,2012-01-20,0,18,1468.65,54.11,3.268,4139.87,2807.19,33.88,500.62,3400.21,219.9856893,7.348,3,151315
7331,1,2012-01-20,0,8,35356.12,54.11,3.268,4139.87,2807.19,33.88,500.62,3400.21,219.9856893,7.348,3,151315
7332,1,2012-01-20,0,19,714.21,54.11,3.268,4139.87,2807.19,33.88,500.62,3400.21,219.9856893,7.348,3,151315
7342,1,2012-01-20,0,16,6400.8,54.11,3.268,4139.87,2807.19,33.88,500.62,3400.21,219.9856893,7.348,3,151315
7348,1,2012-01-20,0,5,19298.42,54.11,3.268,4139.87,2807.19,33.88,500.62,3400.21,219.9856893,7.348,3,151315
7349,1,2012-01-20,0,4,33780.2,54.11,3.268,4139.87,2807.19,33.88,500.62,3400.21,219.9856893,7.348,3,151315
7352,1,2012-01-20,0,10,25331.83,54.11,3.268,4139.87,2807.19,33.88,500.62,3400.21,219.9856893,7.348,3,151315
7355,1,2012-01-20,0,3,11702.08,54.11,3.268,4139.87,2807.19,33.88,500.62,3400.21,219.9856893,7.348,3,151315
7356,1,2012-01-20,0,14,12695.7,54.11,3.268,4139.87,2807.19,33.88,500.62,3400.21,219.9856893,7.348,3,151315
7358,1,2012-01-20,0,13,37433.66,54.11,3.268,4139.87,2807.19,33.88,500.62,3400.21,219.9856893,7.348,3,151315
7371,1,2012-01-20,0,6,2427.46,54.11,3.268,4139.87,2807.19,33.88,500.62,3400.21,219.9856893,7.348,3,151315
7376,1,2012-01-20,0,20,3937.59,54.11,3.268,4139.87,2807.19,33.88,500.62,3400.21,219.9856893,7.348,3,151315
7384,1,2012-01-20,0,9,13332.75,54.11,3.268,4139.87,2807.19,33.88,500.62,3400.21,219.9856893,7.348,3,151315
7385,1,2012-01-27,0,7,11228.15,54.26,3.29,1164.46,1082.74,44,11,1222.19,220.0788523,7.348,3,151315
7386,1,2012-01-27,0,1,18378.16,54.26,3.29,1164.46,1082.74,44,11,1222.19,220.0788523,7.348,3,151315
7388,1,2012-01-27,0,17,7237.41,54.26,3.29,1164.46,1082.74,44,11,1222.19,220.0788523,7.348,3,151315
7389,1,2012-01-27,0,2,41556.23,54.26,3.29,1164.46,1082.74,44,11,1222.19,220.0788523,7.348,3,151315
7391,1,2012-01-27,0,4,33613.91,54.26,3.29,1164.46,1082.74,44,11,1222.19,220.0788523,7.348,3,151315
7392,1,2012-01-27,0,11,17860.35,54.26,3.29,1164.46,1082.74,44,11,1222.19,220.0788523,7.348,3,151315
7394,1,2012-01-27,0,12,8229.77,54.26,3.29,1164.46,1082.74,44,11,1222.19,220.0788523,7.348,3,151315
7396,1,2012-01-27,0,18,1842.47,54.26,3.29,1164.46,1082.74,44,11,1222.19,220.0788523,7.348,3,151315
7401,1,2012-01-27,0,19,720.98,54.26,3.29,1164.46,1082.74,44,11,1222.19,220.0788523,7.348,3,151315
7406,1,2012-01-27,0,10,23650.22,54.26,3.29,1164.46,1082.74,44,11,1222.19,220.0788523,7.348,3,151315
7408,1,2012-01-27,0,16,6108.82,54.26,3.29,1164.46,1082.74,44,11,1222.19,220.0788523,7.348,3,151315
7409,1,2012-01-27,0,8,34644.25,54.26,3.29,1164.46,1082.74,44,11,1222.19,220.0788523,7.348,3,151315
7413,1,2012-01-27,0,14,12684.05,54.26,3.29,1164.46,1082.74,44,11,1222.19,220.0788523,7.348,3,151315
7416,1,2012-01-27,0,5,21376.42,54.26,3.29,1164.46,1082.74,44,11,1222.19,220.0788523,7.348,3,151315
7426,1,2012-01-27,0,3,10613.17,54.26,3.29,1164.46,1082.74,44,11,1222.19,220.0788523,7.348,3,151315
7435,1,2012-01-27,0,20,3364.8,54.26,3.29,1164.46,1082.74,44,11,1222.19,220.0788523,7.348,3,151315
7438,1,2012-01-27,0,13,34312.26,54.26,3.29,1164.46,1082.74,44,11,1222.19,220.0788523,7.348,3,151315
7439,1,2012-01-27,0,6,1649.4,54.26,3.29,1164.46,1082.74,44,11,1222.19,220.0788523,7.348,3,151315
7448,1,2012-01-27,0,9,14728.57,54.26,3.29,1164.46,1082.74,44,11,1222.19,220.0788523,7.348,3,151315
7455,1,2012-02-03,0,17,8128.57,56.55,3.36,34577.06,3579.21,160.53,32403.87,5630.4,220.1720153,7.348,3,151315
7456,1,2012-02-03,0,1,23510.49,56.55,3.36,34577.06,3579.21,160.53,32403.87,5630.4,220.1720153,7.348,3,151315
7458,1,2012-02-03,0,11,22429.17,56.55,3.36,34577.06,3579.21,160.53,32403.87,5630.4,220.1720153,7.348,3,151315
7461,1,2012-02-03,0,19,1175.9,56.55,3.36,34577.06,3579.21,160.53,32403.87,5630.4,220.1720153,7.348,3,151315
7462,1,2012-02-03,0,18,3558.71,56.55,3.36,34577.06,3579.21,160.53,32403.87,5630.4,220.1720153,7.348,3,151315
7463,1,2012-02-03,0,7,16556.71,56.55,3.36,34577.06,3579.21,160.53,32403.87,5630.4,220.1720153,7.348,3,151315
7468,1,2012-02-03,0,4,40274.83,56.55,3.36,34577.06,3579.21,160.53,32403.87,5630.4,220.1720153,7.348,3,151315
7471,1,2012-02-03,0,16,9873.73,56.55,3.36,34577.06,3579.21,160.53,32403.87,5630.4,220.1720153,7.348,3,151315
7472,1,2012-02-03,0,2,54322.24,56.55,3.36,34577.06,3579.21,160.53,32403.87,5630.4,220.1720153,7.348,3,151315
7474,1,2012-02-03,0,10,33524.28,56.55,3.36,34577.06,3579.21,160.53,32403.87,5630.4,220.1720153,7.348,3,151315
7479,1,2012-02-03,0,5,28307.43,56.55,3.36,34577.06,3579.21,160.53,32403.87,5630.4,220.1720153,7.348,3,151315
7485,1,2012-02-03,0,12,9612.87,56.55,3.36,34577.06,3579.21,160.53,32403.87,5630.4,220.1720153,7.348,3,151315
7487,1,2012-02-03,0,8,40069.47,56.55,3.36,34577.06,3579.21,160.53,32403.87,5630.4,220.1720153,7.348,3,151315
7490,1,2012-02-03,0,14,15583.82,56.55,3.36,34577.06,3579.21,160.53,32403.87,5630.4,220.1720153,7.348,3,151315
7493,1,2012-02-03,0,3,12485.78,56.55,3.36,34577.06,3579.21,160.53,32403.87,5630.4,220.1720153,7.348,3,151315
7495,1,2012-02-03,0,13,43478.58,56.55,3.36,34577.06,3579.21,160.53,32403.87,5630.4,220.1720153,7.348,3,151315
7509,1,2012-02-03,0,6,3981.09,56.55,3.36,34577.06,3579.21,160.53,32403.87,5630.4,220.1720153,7.348,3,151315
7512,1,2012-02-03,0,20,4206.91,56.55,3.36,34577.06,3579.21,160.53,32403.87,5630.4,220.1720153,7.348,3,151315
7523,1,2012-02-03,0,9,19427.31,56.55,3.36,34577.06,3579.21,160.53,32403.87,5630.4,220.1720153,7.348,3,151315
7601,1,2012-02-17,0,17,11684.73,45.32,3.51,9873.33,11062.27,9.8,8409.31,3402.66,220.4257586,7.348,3,151315
7604,1,2012-02-17,0,18,26992.11,45.32,3.51,9873.33,11062.27,9.8,8409.31,3402.66,220.4257586,7.348,3,151315
7608,1,2012-02-17,0,19,762.59,45.32,3.51,9873.33,11062.27,9.8,8409.31,3402.66,220.4257586,7.348,3,151315
7610,1,2012-02-17,0,12,9262.33,45.32,3.51,9873.33,11062.27,9.8,8409.31,3402.66,220.4257586,7.348,3,151315
7611,1,2012-02-17,0,11,26269.87,45.32,3.51,9873.33,11062.27,9.8,8409.31,3402.66,220.4257586,7.348,3,151315
7620,1,2012-02-17,0,13,38622.92,45.32,3.51,9873.33,11062.27,9.8,8409.31,3402.66,220.4257586,7.348,3,151315
7623,1,2012-02-17,0,5,46219.96,45.32,3.51,9873.33,11062.27,9.8,8409.31,3402.66,220.4257586,7.348,3,151315
7624,1,2012-02-17,0,4,36550.46,45.32,3.51,9873.33,11062.27,9.8,8409.31,3402.66,220.4257586,7.348,3,151315
7632,1,2012-02-17,0,1,54060.1,45.32,3.51,9873.33,11062.27,9.8,8409.31,3402.66,220.4257586,7.348,3,151315
7633,1,2012-02-17,0,20,5569.54,45.32,3.51,9873.33,11062.27,9.8,8409.31,3402.66,220.4257586,7.348,3,151315
7637,1,2012-02-17,0,10,40409.5,45.32,3.51,9873.33,11062.27,9.8,8409.31,3402.66,220.4257586,7.348,3,151315
7643,1,2012-02-17,0,16,12648.11,45.32,3.51,9873.33,11062.27,9.8,8409.31,3402.66,220.4257586,7.348,3,151315
7650,1,2012-02-17,0,14,21324.12,45.32,3.51,9873.33,11062.27,9.8,8409.31,3402.66,220.4257586,7.348,3,151315
7654,1,2012-02-17,0,9,23867.82,45.32,3.51,9873.33,11062.27,9.8,8409.31,3402.66,220.4257586,7.348,3,151315
7656,1,2012-02-17,0,8,37244.73,45.32,3.51,9873.33,11062.27,9.8,8409.31,3402.66,220.4257586,7.348,3,151315
7657,1,2012-02-17,0,3,10237.78,45.32,3.51,9873.33,11062.27,9.8,8409.31,3402.66,220.4257586,7.348,3,151315
7667,1,2012-02-17,0,7,16849.62,45.32,3.51,9873.33,11062.27,9.8,8409.31,3402.66,220.4257586,7.348,3,151315
7670,1,2012-02-17,0,6,4223.42,45.32,3.51,9873.33,11062.27,9.8,8409.31,3402.66,220.4257586,7.348,3,151315
7672,1,2012-02-17,0,2,46085.47,45.32,3.51,9873.33,11062.27,9.8,8409.31,3402.66,220.4257586,7.348,3,151315
7677,1,2012-02-24,0,18,1973.92,57.25,3.555,9349.61,7556.01,3.2,1219.92,8143.59,220.636902,7.348,3,151315
7681,1,2012-02-24,0,19,988.95,57.25,3.555,9349.61,7556.01,3.2,1219.92,8143.59,220.636902,7.348,3,151315
7682,1,2012-02-24,0,20,4455.36,57.25,3.555,9349.61,7556.01,3.2,1219.92,8143.59,220.636902,7.348,3,151315
7690,1,2012-02-24,0,5,30797.88,57.25,3.555,9349.61,7556.01,3.2,1219.92,8143.59,220.636902,7.348,3,151315
7691,1,2012-02-24,0,17,9309.63,57.25,3.555,9349.61,7556.01,3.2,1219.92,8143.59,220.636902,7.348,3,151315
7692,1,2012-02-24,0,3,10502.4,57.25,3.555,9349.61,7556.01,3.2,1219.92,8143.59,220.636902,7.348,3,151315
7696,1,2012-02-24,0,16,19874.3,57.25,3.555,9349.61,7556.01,3.2,1219.92,8143.59,220.636902,7.348,3,151315
7703,1,2012-02-24,0,1,20124.22,57.25,3.555,9349.61,7556.01,3.2,1219.92,8143.59,220.636902,7.348,3,151315
7713,1,2012-02-24,0,12,11284.27,57.25,3.555,9349.61,7556.01,3.2,1219.92,8143.59,220.636902,7.348,3,151315
7718,1,2012-02-24,0,14,18574.25,57.25,3.555,9349.61,7556.01,3.2,1219.92,8143.59,220.636902,7.348,3,151315
7719,1,2012-02-24,0,11,21750.64,57.25,3.555,9349.61,7556.01,3.2,1219.92,8143.59,220.636902,7.348,3,151315
7721,1,2012-02-24,0,6,3784.06,57.25,3.555,9349.61,7556.01,3.2,1219.92,8143.59,220.636902,7.348,3,151315
7724,1,2012-02-24,0,13,40079.43,57.25,3.555,9349.61,7556.01,3.2,1219.92,8143.59,220.636902,7.348,3,151315
7727,1,2012-02-24,0,10,37507.44,57.25,3.555,9349.61,7556.01,3.2,1219.92,8143.59,220.636902,7.348,3,151315
7729,1,2012-02-24,0,8,37204.72,57.25,3.555,9349.61,7556.01,3.2,1219.92,8143.59,220.636902,7.348,3,151315
7732,1,2012-02-24,0,7,15956.87,57.25,3.555,9349.61,7556.01,3.2,1219.92,8143.59,220.636902,7.348,3,151315
7738,1,2012-02-24,0,4,34953.85,57.25,3.555,9349.61,7556.01,3.2,1219.92,8143.59,220.636902,7.348,3,151315
7739,1,2012-02-24,0,9,25957.89,57.25,3.555,9349.61,7556.01,3.2,1219.92,8143.59,220.636902,7.348,3,151315
7744,1,2012-02-24,0,2,47080.12,57.25,3.555,9349.61,7556.01,3.2,1219.92,8143.59,220.636902,7.348,3,151315
7749,1,2012-03-02,0,19,761.16,60.96,3.63,15441.4,1569,10.8,25390.88,8067.61,220.8480454,7.348,3,151315
7750,1,2012-03-02,0,3,11387.31,60.96,3.63,15441.4,1569,10.8,25390.88,8067.61,220.8480454,7.348,3,151315
7752,1,2012-03-02,0,16,30451.14,60.96,3.63,15441.4,1569,10.8,25390.88,8067.61,220.8480454,7.348,3,151315
7753,1,2012-03-02,0,14,19412.26,60.96,3.63,15441.4,1569,10.8,25390.88,8067.61,220.8480454,7.348,3,151315
7757,1,2012-03-02,0,5,30642.53,60.96,3.63,15441.4,1569,10.8,25390.88,8067.61,220.8480454,7.348,3,151315
7761,1,2012-03-02,0,18,1316.04,60.96,3.63,15441.4,1569,10.8,25390.88,8067.61,220.8480454,7.348,3,151315
7769,1,2012-03-02,0,17,11187.42,60.96,3.63,15441.4,1569,10.8,25390.88,8067.61,220.8480454,7.348,3,151315
7777,1,2012-03-02,0,20,5446.7,60.96,3.63,15441.4,1569,10.8,25390.88,8067.61,220.8480454,7.348,3,151315
7781,1,2012-03-02,0,12,11994.48,60.96,3.63,15441.4,1569,10.8,25390.88,8067.61,220.8480454,7.348,3,151315
7784,1,2012-03-02,0,8,40307.19,60.96,3.63,15441.4,1569,10.8,25390.88,8067.61,220.8480454,7.348,3,151315
7785,1,2012-03-02,0,1,20113.03,60.96,3.63,15441.4,1569,10.8,25390.88,8067.61,220.8480454,7.348,3,151315
7787,1,2012-03-02,0,4,38459.98,60.96,3.63,15441.4,1569,10.8,25390.88,8067.61,220.8480454,7.348,3,151315
7789,1,2012-03-02,0,6,6464.52,60.96,3.63,15441.4,1569,10.8,25390.88,8067.61,220.8480454,7.348,3,151315
7799,1,2012-03-02,0,7,16473.91,60.96,3.63,15441.4,1569,10.8,25390.88,8067.61,220.8480454,7.348,3,151315
7804,1,2012-03-02,0,13,44565.32,60.96,3.63,15441.4,1569,10.8,25390.88,8067.61,220.8480454,7.348,3,151315
7806,1,2012-03-02,0,9,30503.3,60.96,3.63,15441.4,1569,10.8,25390.88,8067.61,220.8480454,7.348,3,151315
7807,1,2012-03-02,0,11,23286.46,60.96,3.63,15441.4,1569,10.8,25390.88,8067.61,220.8480454,7.348,3,151315
7814,1,2012-03-02,0,2,52608.51,60.96,3.63,15441.4,1569,10.8,25390.88,8067.61,220.8480454,7.348,3,151315
7816,1,2012-03-02,0,10,39036.14,60.96,3.63,15441.4,1569,10.8,25390.88,8067.61,220.8480454,7.348,3,151315
7818,1,2012-03-09,0,1,21140.07,58.76,3.669,10331.04,151.88,6,671.43,5509.84,221.0591887,7.348,3,151315
7822,1,2012-03-09,0,5,25492.21,58.76,3.669,10331.04,151.88,6,671.43,5509.84,221.0591887,7.348,3,151315
7825,1,2012-03-09,0,12,11947.03,58.76,3.669,10331.04,151.88,6,671.43,5509.84,221.0591887,7.348,3,151315
7828,1,2012-03-09,0,8,36553.82,58.76,3.669,10331.04,151.88,6,671.43,5509.84,221.0591887,7.348,3,151315
7829,1,2012-03-09,0,14,16528.29,58.76,3.669,10331.04,151.88,6,671.43,5509.84,221.0591887,7.348,3,151315
7834,1,2012-03-09,0,13,40001.72,58.76,3.669,10331.04,151.88,6,671.43,5509.84,221.0591887,7.348,3,151315
7837,1,2012-03-09,0,17,11553.98,58.76,3.669,10331.04,151.88,6,671.43,5509.84,221.0591887,7.348,3,151315
7843,1,2012-03-09,0,6,4183.3,58.76,3.669,10331.04,151.88,6,671.43,5509.84,221.0591887,7.348,3,151315
7844,1,2012-03-09,0,11,23169.16,58.76,3.669,10331.04,151.88,6,671.43,5509.84,221.0591887,7.348,3,151315
7846,1,2012-03-09,0,20,7272.2,58.76,3.669,10331.04,151.88,6,671.43,5509.84,221.0591887,7.348,3,151315
7847,1,2012-03-09,0,16,32633.81,58.76,3.669,10331.04,151.88,6,671.43,5509.84,221.0591887,7.348,3,151315
7850,1,2012-03-09,0,18,1126.04,58.76,3.669,10331.04,151.88,6,671.43,5509.84,221.0591887,7.348,3,151315
7854,1,2012-03-09,0,4,38934.77,58.76,3.669,10331.04,151.88,6,671.43,5509.84,221.0591887,7.348,3,151315
7858,1,2012-03-09,0,3,11925.71,58.76,3.669,10331.04,151.88,6,671.43,5509.84,221.0591887,7.348,3,151315
7863,1,2012-03-09,0,10,34858.03,58.76,3.669,10331.04,151.88,6,671.43,5509.84,221.0591887,7.348,3,151315
7866,1,2012-03-09,0,19,1514.62,58.76,3.669,10331.04,151.88,6,671.43,5509.84,221.0591887,7.348,3,151315
7869,1,2012-03-09,0,9,28291.68,58.76,3.669,10331.04,151.88,6,671.43,5509.84,221.0591887,7.348,3,151315
7873,1,2012-03-09,0,2,48563.69,58.76,3.669,10331.04,151.88,6,671.43,5509.84,221.0591887,7.348,3,151315
7883,1,2012-03-09,0,7,17500.24,58.76,3.669,10331.04,151.88,6,671.43,5509.84,221.0591887,7.348,3,151315
7893,1,2012-03-16,0,4,38125.32,64.74,3.734,4298.16,7.5,2.02,2724.65,2017.69,221.2118132,7.348,3,151315
7894,1,2012-03-16,0,17,8523.56,64.74,3.734,4298.16,7.5,2.02,2724.65,2017.69,221.2118132,7.348,3,151315
7896,1,2012-03-16,0,1,22366.88,64.74,3.734,4298.16,7.5,2.02,2724.65,2017.69,221.2118132,7.348,3,151315
7900,1,2012-03-16,0,12,12178.8,64.74,3.734,4298.16,7.5,2.02,2724.65,2017.69,221.2118132,7.348,3,151315
7902,1,2012-03-16,0,16,44960.02,64.74,3.734,4298.16,7.5,2.02,2724.65,2017.69,221.2118132,7.348,3,151315
7904,1,2012-03-16,0,13,38322.83,64.74,3.734,4298.16,7.5,2.02,2724.65,2017.69,221.2118132,7.348,3,151315
7906,1,2012-03-16,0,8,36141.27,64.74,3.734,4298.16,7.5,2.02,2724.65,2017.69,221.2118132,7.348,3,151315
7908,1,2012-03-16,0,18,1630.41,64.74,3.734,4298.16,7.5,2.02,2724.65,2017.69,221.2118132,7.348,3,151315
7909,1,2012-03-16,0,5,29345.72,64.74,3.734,4298.16,7.5,2.02,2724.65,2017.69,221.2118132,7.348,3,151315
7912,1,2012-03-16,0,2,47346.32,64.74,3.734,4298.16,7.5,2.02,2724.65,2017.69,221.2118132,7.348,3,151315
7921,1,2012-03-16,0,3,8845.73,64.74,3.734,4298.16,7.5,2.02,2724.65,2017.69,221.2118132,7.348,3,151315
7931,1,2012-03-16,0,11,24841.76,64.74,3.734,4298.16,7.5,2.02,2724.65,2017.69,221.2118132,7.348,3,151315
7933,1,2012-03-16,0,19,1273.4,64.74,3.734,4298.16,7.5,2.02,2724.65,2017.69,221.2118132,7.348,3,151315
7934,1,2012-03-16,0,14,12757.86,64.74,3.734,4298.16,7.5,2.02,2724.65,2017.69,221.2118132,7.348,3,151315
7935,1,2012-03-16,0,9,37941.84,64.74,3.734,4298.16,7.5,2.02,2724.65,2017.69,221.2118132,7.348,3,151315
7943,1,2012-03-16,0,6,3905.72,64.74,3.734,4298.16,7.5,2.02,2724.65,2017.69,221.2118132,7.348,3,151315
7944,1,2012-03-16,0,7,20690.01,64.74,3.734,4298.16,7.5,2.02,2724.65,2017.69,221.2118132,7.348,3,151315
7947,1,2012-03-16,0,20,5040.41,64.74,3.734,4298.16,7.5,2.02,2724.65,2017.69,221.2118132,7.348,3,151315
7958,1,2012-03-16,0,10,33405.1,64.74,3.734,4298.16,7.5,2.02,2724.65,2017.69,221.2118132,7.348,3,151315
7962,1,2012-03-23,0,4,36586.52,65.93,3.787,6118.56,9.48,4.97,426.72,3657.22,221.2864126,7.348,3,151315
7965,1,2012-03-23,0,2,44796.03,65.93,3.787,6118.56,9.48,4.97,426.72,3657.22,221.2864126,7.348,3,151315
7972,1,2012-03-23,0,12,11448.84,65.93,3.787,6118.56,9.48,4.97,426.72,3657.22,221.2864126,7.348,3,151315
7975,1,2012-03-23,0,13,37801.64,65.93,3.787,6118.56,9.48,4.97,426.72,3657.22,221.2864126,7.348,3,151315
7980,1,2012-03-23,0,1,22107.7,65.93,3.787,6118.56,9.48,4.97,426.72,3657.22,221.2864126,7.348,3,151315
7981,1,2012-03-23,0,3,7910.22,65.93,3.787,6118.56,9.48,4.97,426.72,3657.22,221.2864126,7.348,3,151315
7982,1,2012-03-23,0,16,45184.22,65.93,3.787,6118.56,9.48,4.97,426.72,3657.22,221.2864126,7.348,3,151315
7984,1,2012-03-23,0,10,33327.09,65.93,3.787,6118.56,9.48,4.97,426.72,3657.22,221.2864126,7.348,3,151315
7986,1,2012-03-23,0,8,33758.45,65.93,3.787,6118.56,9.48,4.97,426.72,3657.22,221.2864126,7.348,3,151315
7989,1,2012-03-23,0,5,25442.13,65.93,3.787,6118.56,9.48,4.97,426.72,3657.22,221.2864126,7.348,3,151315
7994,1,2012-03-23,0,14,12771.12,65.93,3.787,6118.56,9.48,4.97,426.72,3657.22,221.2864126,7.348,3,151315
7998,1,2012-03-23,0,17,7456.66,65.93,3.787,6118.56,9.48,4.97,426.72,3657.22,221.2864126,7.348,3,151315
7999,1,2012-03-23,0,18,2280.34,65.93,3.787,6118.56,9.48,4.97,426.72,3657.22,221.2864126,7.348,3,151315
8003,1,2012-03-23,0,11,24350.67,65.93,3.787,6118.56,9.48,4.97,426.72,3657.22,221.2864126,7.348,3,151315
8009,1,2012-03-23,0,19,1057.43,65.93,3.787,6118.56,9.48,4.97,426.72,3657.22,221.2864126,7.348,3,151315
8012,1,2012-03-23,0,6,2856.83,65.93,3.787,6118.56,9.48,4.97,426.72,3657.22,221.2864126,7.348,3,151315
8021,1,2012-03-23,0,9,33541.36,65.93,3.787,6118.56,9.48,4.97,426.72,3657.22,221.2864126,7.348,3,151315
8022,1,2012-03-23,0,20,3909.02,65.93,3.787,6118.56,9.48,4.97,426.72,3657.22,221.2864126,7.348,3,151315
8025,1,2012-03-23,0,7,15628.59,65.93,3.787,6118.56,9.48,4.97,426.72,3657.22,221.2864126,7.348,3,151315
8031,1,2012-03-30,0,4,37718.51,67.61,3.845,10309.58,0.5,10.25,1654.17,2642.78,221.3610119,7.348,3,151315
8044,1,2012-03-30,0,12,12109.21,67.61,3.845,10309.58,0.5,10.25,1654.17,2642.78,221.3610119,7.348,3,151315
8046,1,2012-03-30,0,5,22392.09,67.61,3.845,10309.58,0.5,10.25,1654.17,2642.78,221.3610119,7.348,3,151315
8050,1,2012-03-30,0,2,46529.68,67.61,3.845,10309.58,0.5,10.25,1654.17,2642.78,221.3610119,7.348,3,151315
8051,1,2012-03-30,0,8,37745.71,67.61,3.845,10309.58,0.5,10.25,1654.17,2642.78,221.3610119,7.348,3,151315
8053,1,2012-03-30,0,3,9129.23,67.61,3.845,10309.58,0.5,10.25,1654.17,2642.78,221.3610119,7.348,3,151315
8054,1,2012-03-30,0,13,38696.88,67.61,3.845,10309.58,0.5,10.25,1654.17,2642.78,221.3610119,7.348,3,151315
8057,1,2012-03-30,0,1,28952.86,67.61,3.845,10309.58,0.5,10.25,1654.17,2642.78,221.3610119,7.348,3,151315
8059,1,2012-03-30,0,10,43718.05,67.61,3.845,10309.58,0.5,10.25,1654.17,2642.78,221.3610119,7.348,3,151315
8062,1,2012-03-30,0,17,8433.01,67.61,3.845,10309.58,0.5,10.25,1654.17,2642.78,221.3610119,7.348,3,151315
8065,1,2012-03-30,0,18,3667.66,67.61,3.845,10309.58,0.5,10.25,1654.17,2642.78,221.3610119,7.348,3,151315
8073,1,2012-03-30,0,6,4540.27,67.61,3.845,10309.58,0.5,10.25,1654.17,2642.78,221.3610119,7.348,3,151315
8079,1,2012-03-30,0,14,14690.27,67.61,3.845,10309.58,0.5,10.25,1654.17,2642.78,221.3610119,7.348,3,151315
8080,1,2012-03-30,0,19,973.05,67.61,3.845,10309.58,0.5,10.25,1654.17,2642.78,221.3610119,7.348,3,151315
8083,1,2012-03-30,0,9,50382.47,67.61,3.845,10309.58,0.5,10.25,1654.17,2642.78,221.3610119,7.348,3,151315
8088,1,2012-03-30,0,20,5264.6,67.61,3.845,10309.58,0.5,10.25,1654.17,2642.78,221.3610119,7.348,3,151315
8089,1,2012-03-30,0,16,55275.59,67.61,3.845,10309.58,0.5,10.25,1654.17,2642.78,221.3610119,7.348,3,151315
8090,1,2012-03-30,0,7,18684,67.61,3.845,10309.58,0.5,10.25,1654.17,2642.78,221.3610119,7.348,3,151315
8100,1,2012-03-30,0,11,25231.25,67.61,3.845,10309.58,0.5,10.25,1654.17,2642.78,221.3610119,7.348,3,151315
8102,1,2012-04-06,0,4,42060.21,70.43,3.891,10121.97,0,77.98,3750.59,4510.72,221.4356112,7.143,3,151315
8110,1,2012-04-06,0,12,10747.37,70.43,3.891,10121.97,0,77.98,3750.59,4510.72,221.4356112,7.143,3,151315
8115,1,2012-04-06,0,1,57592.12,70.43,3.891,10121.97,0,77.98,3750.59,4510.72,221.4356112,7.143,3,151315
8116,1,2012-04-06,0,2,51805.88,70.43,3.891,10121.97,0,77.98,3750.59,4510.72,221.4356112,7.143,3,151315
8120,1,2012-04-06,0,3,9335.24,70.43,3.891,10121.97,0,77.98,3750.59,4510.72,221.4356112,7.143,3,151315
8123,1,2012-04-06,0,5,28386.81,70.43,3.891,10121.97,0,77.98,3750.59,4510.72,221.4356112,7.143,3,151315
8125,1,2012-04-06,0,8,41917.56,70.43,3.891,10121.97,0,77.98,3750.59,4510.72,221.4356112,7.143,3,151315
8126,1,2012-04-06,0,10,36666.29,70.43,3.891,10121.97,0,77.98,3750.59,4510.72,221.4356112,7.143,3,151315
8133,1,2012-04-06,0,16,59512.97,70.43,3.891,10121.97,0,77.98,3750.59,4510.72,221.4356112,7.143,3,151315
8134,1,2012-04-06,0,17,8662.4,70.43,3.891,10121.97,0,77.98,3750.59,4510.72,221.4356112,7.143,3,151315
8135,1,2012-04-06,0,13,44270.3,70.43,3.891,10121.97,0,77.98,3750.59,4510.72,221.4356112,7.143,3,151315
8141,1,2012-04-06,0,6,4764.43,70.43,3.891,10121.97,0,77.98,3750.59,4510.72,221.4356112,7.143,3,151315
8143,1,2012-04-06,0,14,15652.72,70.43,3.891,10121.97,0,77.98,3750.59,4510.72,221.4356112,7.143,3,151315
8150,1,2012-04-06,0,20,3868.02,70.43,3.891,10121.97,0,77.98,3750.59,4510.72,221.4356112,7.143,3,151315
8155,1,2012-04-06,0,9,41235.34,70.43,3.891,10121.97,0,77.98,3750.59,4510.72,221.4356112,7.143,3,151315
8159,1,2012-04-06,0,11,28971.93,70.43,3.891,10121.97,0,77.98,3750.59,4510.72,221.4356112,7.143,3,151315
8161,1,2012-04-06,0,7,27171.41,70.43,3.891,10121.97,0,77.98,3750.59,4510.72,221.4356112,7.143,3,151315
8162,1,2012-04-06,0,18,14283.73,70.43,3.891,10121.97,0,77.98,3750.59,4510.72,221.4356112,7.143,3,151315
8166,1,2012-04-06,0,19,875.56,70.43,3.891,10121.97,0,77.98,3750.59,4510.72,221.4356112,7.143,3,151315
8177,1,2012-04-13,0,4,37449.26,69.07,3.891,6186.19,3288.69,17.07,1822.55,1063.78,221.5102105,7.143,3,151315
8183,1,2012-04-13,0,12,10565.39,69.07,3.891,6186.19,3288.69,17.07,1822.55,1063.78,221.5102105,7.143,3,151315
8185,1,2012-04-13,0,1,34684.21,69.07,3.891,6186.19,3288.69,17.07,1822.55,1063.78,221.5102105,7.143,3,151315
8187,1,2012-04-13,0,18,5136.25,69.07,3.891,6186.19,3288.69,17.07,1822.55,1063.78,221.5102105,7.143,3,151315
8188,1,2012-04-13,0,2,43991.18,69.07,3.891,6186.19,3288.69,17.07,1822.55,1063.78,221.5102105,7.143,3,151315
8191,1,2012-04-13,0,8,37295.29,69.07,3.891,6186.19,3288.69,17.07,1822.55,1063.78,221.5102105,7.143,3,151315
8197,1,2012-04-13,0,5,18458.33,69.07,3.891,6186.19,3288.69,17.07,1822.55,1063.78,221.5102105,7.143,3,151315
8201,1,2012-04-13,0,16,55347.73,69.07,3.891,6186.19,3288.69,17.07,1822.55,1063.78,221.5102105,7.143,3,151315
8202,1,2012-04-13,0,13,39099.61,69.07,3.891,6186.19,3288.69,17.07,1822.55,1063.78,221.5102105,7.143,3,151315
8207,1,2012-04-13,0,3,7927.73,69.07,3.891,6186.19,3288.69,17.07,1822.55,1063.78,221.5102105,7.143,3,151315
8210,1,2012-04-13,0,14,14933.13,69.07,3.891,6186.19,3288.69,17.07,1822.55,1063.78,221.5102105,7.143,3,151315
8211,1,2012-04-13,0,17,6936.35,69.07,3.891,6186.19,3288.69,17.07,1822.55,1063.78,221.5102105,7.143,3,151315
8213,1,2012-04-13,0,9,33136.94,69.07,3.891,6186.19,3288.69,17.07,1822.55,1063.78,221.5102105,7.143,3,151315
8218,1,2012-04-13,0,10,29709.53,69.07,3.891,6186.19,3288.69,17.07,1822.55,1063.78,221.5102105,7.143,3,151315
8220,1,2012-04-13,0,6,4500.12,69.07,3.891,6186.19,3288.69,17.07,1822.55,1063.78,221.5102105,7.143,3,151315
8222,1,2012-04-13,0,11,21874.45,69.07,3.891,6186.19,3288.69,17.07,1822.55,1063.78,221.5102105,7.143,3,151315
8234,1,2012-04-13,0,20,3449.45,69.07,3.891,6186.19,3288.69,17.07,1822.55,1063.78,221.5102105,7.143,3,151315
8239,1,2012-04-13,0,7,21302.3,69.07,3.891,6186.19,3288.69,17.07,1822.55,1063.78,221.5102105,7.143,3,151315
8243,1,2012-04-13,0,19,753.73,69.07,3.891,6186.19,3288.69,17.07,1822.55,1063.78,221.5102105,7.143,3,151315
8247,1,2012-04-20,0,4,36350.03,66.76,3.877,2230.8,612.02,19.75,275.13,5747.1,221.5640737,7.143,3,151315
8257,1,2012-04-20,0,12,11730.26,66.76,3.877,2230.8,612.02,19.75,275.13,5747.1,221.5640737,7.143,3,151315
8258,1,2012-04-20,0,8,36930.94,66.76,3.877,2230.8,612.02,19.75,275.13,5747.1,221.5640737,7.143,3,151315
8262,1,2012-04-20,0,20,4246.85,66.76,3.877,2230.8,612.02,19.75,275.13,5747.1,221.5640737,7.143,3,151315
8265,1,2012-04-20,0,3,8647.36,66.76,3.877,2230.8,612.02,19.75,275.13,5747.1,221.5640737,7.143,3,151315
8268,1,2012-04-20,0,5,16645.01,66.76,3.877,2230.8,612.02,19.75,275.13,5747.1,221.5640737,7.143,3,151315
8271,1,2012-04-20,0,16,42816.54,66.76,3.877,2230.8,612.02,19.75,275.13,5747.1,221.5640737,7.143,3,151315
8278,1,2012-04-20,0,1,16976.19,66.76,3.877,2230.8,612.02,19.75,275.13,5747.1,221.5640737,7.143,3,151315
8280,1,2012-04-20,0,18,61.56,66.76,3.877,2230.8,612.02,19.75,275.13,5747.1,221.5640737,7.143,3,151315
8281,1,2012-04-20,0,9,28111.87,66.76,3.877,2230.8,612.02,19.75,275.13,5747.1,221.5640737,7.143,3,151315
8282,1,2012-04-20,0,14,13575.69,66.76,3.877,2230.8,612.02,19.75,275.13,5747.1,221.5640737,7.143,3,151315
8283,1,2012-04-20,0,13,39499.85,66.76,3.877,2230.8,612.02,19.75,275.13,5747.1,221.5640737,7.143,3,151315
8284,1,2012-04-20,0,17,8559.84,66.76,3.877,2230.8,612.02,19.75,275.13,5747.1,221.5640737,7.143,3,151315
8285,1,2012-04-20,0,10,30838.26,66.76,3.877,2230.8,612.02,19.75,275.13,5747.1,221.5640737,7.143,3,151315
8288,1,2012-04-20,0,6,2988.96,66.76,3.877,2230.8,612.02,19.75,275.13,5747.1,221.5640737,7.143,3,151315
8291,1,2012-04-20,0,7,19056.92,66.76,3.877,2230.8,612.02,19.75,275.13,5747.1,221.5640737,7.143,3,151315
8302,1,2012-04-20,0,11,21787.83,66.76,3.877,2230.8,612.02,19.75,275.13,5747.1,221.5640737,7.143,3,151315
8303,1,2012-04-20,0,19,1162.5,66.76,3.877,2230.8,612.02,19.75,275.13,5747.1,221.5640737,7.143,3,151315
8311,1,2012-04-20,0,2,45561.85,66.76,3.877,2230.8,612.02,19.75,275.13,5747.1,221.5640737,7.143,3,151315
8320,1,2012-04-27,0,12,11746.83,67.23,3.814,3221.25,0,35.49,577.14,6222.25,221.6179368,7.143,3,151315
8330,1,2012-04-27,0,17,7868.25,67.23,3.814,3221.25,0,35.49,577.14,6222.25,221.6179368,7.143,3,151315
8331,1,2012-04-27,0,1,16347.6,67.23,3.814,3221.25,0,35.49,577.14,6222.25,221.6179368,7.143,3,151315
8333,1,2012-04-27,0,6,3319.32,67.23,3.814,3221.25,0,35.49,577.14,6222.25,221.6179368,7.143,3,151315
8336,1,2012-04-27,0,3,8635.62,67.23,3.814,3221.25,0,35.49,577.14,6222.25,221.6179368,7.143,3,151315
8337,1,2012-04-27,0,5,17170.39,67.23,3.814,3221.25,0,35.49,577.14,6222.25,221.6179368,7.143,3,151315
8340,1,2012-04-27,0,10,29433.27,67.23,3.814,3221.25,0,35.49,577.14,6222.25,221.6179368,7.143,3,151315
8344,1,2012-04-27,0,18,4.68,67.23,3.814,3221.25,0,35.49,577.14,6222.25,221.6179368,7.143,3,151315
8346,1,2012-04-27,0,7,18704.53,67.23,3.814,3221.25,0,35.49,577.14,6222.25,221.6179368,7.143,3,151315
8347,1,2012-04-27,0,9,30359.94,67.23,3.814,3221.25,0,35.49,577.14,6222.25,221.6179368,7.143,3,151315
8350,1,2012-04-27,0,14,14904.8,67.23,3.814,3221.25,0,35.49,577.14,6222.25,221.6179368,7.143,3,151315
8354,1,2012-04-27,0,20,4844.73,67.23,3.814,3221.25,0,35.49,577.14,6222.25,221.6179368,7.143,3,151315
8355,1,2012-04-27,0,8,38531.76,67.23,3.814,3221.25,0,35.49,577.14,6222.25,221.6179368,7.143,3,151315
8357,1,2012-04-27,0,11,20710.01,67.23,3.814,3221.25,0,35.49,577.14,6222.25,221.6179368,7.143,3,151315
8362,1,2012-04-27,0,2,45456.23,67.23,3.814,3221.25,0,35.49,577.14,6222.25,221.6179368,7.143,3,151315
8365,1,2012-04-27,0,16,41926.36,67.23,3.814,3221.25,0,35.49,577.14,6222.25,221.6179368,7.143,3,151315
8369,1,2012-04-27,0,4,36894.54,67.23,3.814,3221.25,0,35.49,577.14,6222.25,221.6179368,7.143,3,151315
8372,1,2012-04-27,0,19,524.17,67.23,3.814,3221.25,0,35.49,577.14,6222.25,221.6179368,7.143,3,151315
8374,1,2012-04-27,0,13,39077.84,67.23,3.814,3221.25,0,35.49,577.14,6222.25,221.6179368,7.143,3,151315
8387,1,2012-05-04,0,12,12338.08,75.55,3.749,21290.13,0,69.89,4977.35,3261.04,221.6718,7.143,3,151315
8396,1,2012-05-04,0,18,-1.27,75.55,3.749,21290.13,0,69.89,4977.35,3261.04,221.6718,7.143,3,151315
8398,1,2012-05-04,0,20,4647.31,75.55,3.749,21290.13,0,69.89,4977.35,3261.04,221.6718,7.143,3,151315
8399,1,2012-05-04,0,1,17147.44,75.55,3.749,21290.13,0,69.89,4977.35,3261.04,221.6718,7.143,3,151315
8406,1,2012-05-04,0,6,4658.18,75.55,3.749,21290.13,0,69.89,4977.35,3261.04,221.6718,7.143,3,151315
8410,1,2012-05-04,0,10,35800.66,75.55,3.749,21290.13,0,69.89,4977.35,3261.04,221.6718,7.143,3,151315
8416,1,2012-05-04,0,9,31552.3,75.55,3.749,21290.13,0,69.89,4977.35,3261.04,221.6718,7.143,3,151315
8418,1,2012-05-04,0,11,31670.38,75.55,3.749,21290.13,0,69.89,4977.35,3261.04,221.6718,7.143,3,151315
8421,1,2012-05-04,0,8,41589.1,75.55,3.749,21290.13,0,69.89,4977.35,3261.04,221.6718,7.143,3,151315
8423,1,2012-05-04,0,16,43970.7,75.55,3.749,21290.13,0,69.89,4977.35,3261.04,221.6718,7.143,3,151315
8426,1,2012-05-04,0,17,9064.6,75.55,3.749,21290.13,0,69.89,4977.35,3261.04,221.6718,7.143,3,151315
8429,1,2012-05-04,0,4,41897.55,75.55,3.749,21290.13,0,69.89,4977.35,3261.04,221.6718,7.143,3,151315
8430,1,2012-05-04,0,2,50501.3,75.55,3.749,21290.13,0,69.89,4977.35,3261.04,221.6718,7.143,3,151315
8431,1,2012-05-04,0,14,16193.63,75.55,3.749,21290.13,0,69.89,4977.35,3261.04,221.6718,7.143,3,151315
8437,1,2012-05-04,0,5,18953.07,75.55,3.749,21290.13,0,69.89,4977.35,3261.04,221.6718,7.143,3,151315
8442,1,2012-05-04,0,19,1155.4,75.55,3.749,21290.13,0,69.89,4977.35,3261.04,221.6718,7.143,3,151315
8450,1,2012-05-04,0,7,22956.83,75.55,3.749,21290.13,0,69.89,4977.35,3261.04,221.6718,7.143,3,151315
8451,1,2012-05-04,0,13,43561.17,75.55,3.749,21290.13,0,69.89,4977.35,3261.04,221.6718,7.143,3,151315
8456,1,2012-05-04,0,3,10655.35,75.55,3.749,21290.13,0,69.89,4977.35,3261.04,221.6718,7.143,3,151315
8459,1,2012-05-11,0,14,15537.79,73.77,3.688,8351.4,0,10.52,2443.14,3127.88,221.7256632,7.143,3,151315
8462,1,2012-05-11,0,1,18164.2,73.77,3.688,8351.4,0,10.52,2443.14,3127.88,221.7256632,7.143,3,151315
8465,1,2012-05-11,0,19,1848.79,73.77,3.688,8351.4,0,10.52,2443.14,3127.88,221.7256632,7.143,3,151315
8467,1,2012-05-11,0,18,4.58,73.77,3.688,8351.4,0,10.52,2443.14,3127.88,221.7256632,7.143,3,151315
8470,1,2012-05-11,0,4,35840.06,73.77,3.688,8351.4,0,10.52,2443.14,3127.88,221.7256632,7.143,3,151315
8471,1,2012-05-11,0,11,28842.32,73.77,3.688,8351.4,0,10.52,2443.14,3127.88,221.7256632,7.143,3,151315
8479,1,2012-05-11,0,12,11420.63,73.77,3.688,8351.4,0,10.52,2443.14,3127.88,221.7256632,7.143,3,151315
8484,1,2012-05-11,0,6,3574.83,73.77,3.688,8351.4,0,10.52,2443.14,3127.88,221.7256632,7.143,3,151315
8487,1,2012-05-11,0,10,32271.72,73.77,3.688,8351.4,0,10.52,2443.14,3127.88,221.7256632,7.143,3,151315
8488,1,2012-05-11,0,20,4418.12,73.77,3.688,8351.4,0,10.52,2443.14,3127.88,221.7256632,7.143,3,151315
8490,1,2012-05-11,0,16,38885.33,73.77,3.688,8351.4,0,10.52,2443.14,3127.88,221.7256632,7.143,3,151315
8495,1,2012-05-11,0,17,7964.29,73.77,3.688,8351.4,0,10.52,2443.14,3127.88,221.7256632,7.143,3,151315
8497,1,2012-05-11,0,9,28043.48,73.77,3.688,8351.4,0,10.52,2443.14,3127.88,221.7256632,7.143,3,151315
8506,1,2012-05-11,0,2,46717.76,73.77,3.688,8351.4,0,10.52,2443.14,3127.88,221.7256632,7.143,3,151315
8509,1,2012-05-11,0,7,23036.8,73.77,3.688,8351.4,0,10.52,2443.14,3127.88,221.7256632,7.143,3,151315
8511,1,2012-05-11,0,13,38895.18,73.77,3.688,8351.4,0,10.52,2443.14,3127.88,221.7256632,7.143,3,151315
8512,1,2012-05-11,0,8,37702.53,73.77,3.688,8351.4,0,10.52,2443.14,3127.88,221.7256632,7.143,3,151315
8523,1,2012-05-11,0,5,17277.63,73.77,3.688,8351.4,0,10.52,2443.14,3127.88,221.7256632,7.143,3,151315
8528,1,2012-05-11,0,3,10342.72,73.77,3.688,8351.4,0,10.52,2443.14,3127.88,221.7256632,7.143,3,151315
8538,1,2012-05-18,0,19,1441.88,70.33,3.63,6154.14,0,45.11,1675.49,5508.18,221.742674,7.143,3,151315
8539,1,2012-05-18,0,11,23346.03,70.33,3.63,6154.14,0,45.11,1675.49,5508.18,221.742674,7.143,3,151315
8540,1,2012-05-18,0,1,18517.79,70.33,3.63,6154.14,0,45.11,1675.49,5508.18,221.742674,7.143,3,151315
8542,1,2012-05-18,0,20,5296.28,70.33,3.63,6154.14,0,45.11,1675.49,5508.18,221.742674,7.143,3,151315
8543,1,2012-05-18,0,8,37817.25,70.33,3.63,6154.14,0,45.11,1675.49,5508.18,221.742674,7.143,3,151315
8548,1,2012-05-18,0,12,10199.01,70.33,3.63,6154.14,0,45.11,1675.49,5508.18,221.742674,7.143,3,151315
8550,1,2012-05-18,0,7,19180.11,70.33,3.63,6154.14,0,45.11,1675.49,5508.18,221.742674,7.143,3,151315
8551,1,2012-05-18,0,4,34536.29,70.33,3.63,6154.14,0,45.11,1675.49,5508.18,221.742674,7.143,3,151315
8552,1,2012-05-18,0,9,26160.37,70.33,3.63,6154.14,0,45.11,1675.49,5508.18,221.742674,7.143,3,151315
8554,1,2012-05-18,0,14,16326.55,70.33,3.63,6154.14,0,45.11,1675.49,5508.18,221.742674,7.143,3,151315
8562,1,2012-05-18,0,17,9308.53,70.33,3.63,6154.14,0,45.11,1675.49,5508.18,221.742674,7.143,3,151315
8565,1,2012-05-18,0,2,44411.23,70.33,3.63,6154.14,0,45.11,1675.49,5508.18,221.742674,7.143,3,151315
8569,1,2012-05-18,0,10,30339.17,70.33,3.63,6154.14,0,45.11,1675.49,5508.18,221.742674,7.143,3,151315
8572,1,2012-05-18,0,16,37505,70.33,3.63,6154.14,0,45.11,1675.49,5508.18,221.742674,7.143,3,151315
8576,1,2012-05-18,0,6,6030.81,70.33,3.63,6154.14,0,45.11,1675.49,5508.18,221.742674,7.143,3,151315
8593,1,2012-05-18,0,5,17955.73,70.33,3.63,6154.14,0,45.11,1675.49,5508.18,221.742674,7.143,3,151315
8594,1,2012-05-18,0,13,37857.88,70.33,3.63,6154.14,0,45.11,1675.49,5508.18,221.742674,7.143,3,151315
8595,1,2012-05-18,0,3,8609.82,70.33,3.63,6154.14,0,45.11,1675.49,5508.18,221.742674,7.143,3,151315
8600,1,2012-05-25,0,8,39067,77.22,3.561,4039.39,0,745.19,1429.96,3631.13,221.744944,7.143,3,151315
8602,1,2012-05-25,0,17,7323.66,77.22,3.561,4039.39,0,745.19,1429.96,3631.13,221.744944,7.143,3,151315
8604,1,2012-05-25,0,18,1.97,77.22,3.561,4039.39,0,745.19,1429.96,3631.13,221.744944,7.143,3,151315
8605,1,2012-05-25,0,1,16963.55,77.22,3.561,4039.39,0,745.19,1429.96,3631.13,221.744944,7.143,3,151315
8608,1,2012-05-25,0,20,4614.33,77.22,3.561,4039.39,0,745.19,1429.96,3631.13,221.744944,7.143,3,151315
8611,1,2012-05-25,0,12,12748.13,77.22,3.561,4039.39,0,745.19,1429.96,3631.13,221.744944,7.143,3,151315
8612,1,2012-05-25,0,4,38270.34,77.22,3.561,4039.39,0,745.19,1429.96,3631.13,221.744944,7.143,3,151315
8618,1,2012-05-25,0,10,34203.35,77.22,3.561,4039.39,0,745.19,1429.96,3631.13,221.744944,7.143,3,151315
8622,1,2012-05-25,0,2,45817.07,77.22,3.561,4039.39,0,745.19,1429.96,3631.13,221.744944,7.143,3,151315
8625,1,2012-05-25,0,11,26925.54,77.22,3.561,4039.39,0,745.19,1429.96,3631.13,221.744944,7.143,3,151315
8631,1,2012-05-25,0,14,14186.59,77.22,3.561,4039.39,0,745.19,1429.96,3631.13,221.744944,7.143,3,151315
8636,1,2012-05-25,0,7,28671.98,77.22,3.561,4039.39,0,745.19,1429.96,3631.13,221.744944,7.143,3,151315
8642,1,2012-05-25,0,13,38541.76,77.22,3.561,4039.39,0,745.19,1429.96,3631.13,221.744944,7.143,3,151315
8647,1,2012-05-25,0,19,1036.21,77.22,3.561,4039.39,0,745.19,1429.96,3631.13,221.744944,7.143,3,151315
8654,1,2012-05-25,0,6,5131.26,77.22,3.561,4039.39,0,745.19,1429.96,3631.13,221.744944,7.143,3,151315
8655,1,2012-05-25,0,3,8345.33,77.22,3.561,4039.39,0,745.19,1429.96,3631.13,221.744944,7.143,3,151315
8658,1,2012-05-25,0,5,18625.67,77.22,3.561,4039.39,0,745.19,1429.96,3631.13,221.744944,7.143,3,151315
8660,1,2012-05-25,0,16,42922.55,77.22,3.561,4039.39,0,745.19,1429.96,3631.13,221.744944,7.143,3,151315
8661,1,2012-05-25,0,9,29338.57,77.22,3.561,4039.39,0,745.19,1429.96,3631.13,221.744944,7.143,3,151315
8670,1,2012-06-01,0,8,41039.74,77.95,3.501,6086.21,12,370.51,148.75,3690.85,221.7472139,7.143,3,151315
8671,1,2012-06-01,0,18,0.2,77.95,3.501,6086.21,12,370.51,148.75,3690.85,221.7472139,7.143,3,151315
8672,1,2012-06-01,0,4,41566.55,77.95,3.501,6086.21,12,370.51,148.75,3690.85,221.7472139,7.143,3,151315
8674,1,2012-06-01,0,17,7197.38,77.95,3.501,6086.21,12,370.51,148.75,3690.85,221.7472139,7.143,3,151315
8675,1,2012-06-01,0,20,4353.92,77.95,3.501,6086.21,12,370.51,148.75,3690.85,221.7472139,7.143,3,151315
8684,1,2012-06-01,0,10,37294.14,77.95,3.501,6086.21,12,370.51,148.75,3690.85,221.7472139,7.143,3,151315
8690,1,2012-06-01,0,7,31568.92,77.95,3.501,6086.21,12,370.51,148.75,3690.85,221.7472139,7.143,3,151315
8706,1,2012-06-01,0,14,14903.87,77.95,3.501,6086.21,12,370.51,148.75,3690.85,221.7472139,7.143,3,151315
8707,1,2012-06-01,0,11,32406.68,77.95,3.501,6086.21,12,370.51,148.75,3690.85,221.7472139,7.143,3,151315
8709,1,2012-06-01,0,16,45508.72,77.95,3.501,6086.21,12,370.51,148.75,3690.85,221.7472139,7.143,3,151315
8711,1,2012-06-01,0,12,11542.81,77.95,3.501,6086.21,12,370.51,148.75,3690.85,221.7472139,7.143,3,151315
8712,1,2012-06-01,0,3,7175.77,77.95,3.501,6086.21,12,370.51,148.75,3690.85,221.7472139,7.143,3,151315
8714,1,2012-06-01,0,2,47425.29,77.95,3.501,6086.21,12,370.51,148.75,3690.85,221.7472139,7.143,3,151315
8715,1,2012-06-01,0,9,35001.66,77.95,3.501,6086.21,12,370.51,148.75,3690.85,221.7472139,7.143,3,151315
8718,1,2012-06-01,0,5,17233.25,77.95,3.501,6086.21,12,370.51,148.75,3690.85,221.7472139,7.143,3,151315
8720,1,2012-06-01,0,6,3249.75,77.95,3.501,6086.21,12,370.51,148.75,3690.85,221.7472139,7.143,3,151315
8728,1,2012-06-01,0,19,1406,77.95,3.501,6086.21,12,370.51,148.75,3690.85,221.7472139,7.143,3,151315
8730,1,2012-06-01,0,1,16065.49,77.95,3.501,6086.21,12,370.51,148.75,3690.85,221.7472139,7.143,3,151315
8731,1,2012-06-01,0,13,41462.8,77.95,3.501,6086.21,12,370.51,148.75,3690.85,221.7472139,7.143,3,151315
8744,1,2012-06-08,0,13,42304.47,78.3,3.452,8813.81,116.8,64.55,2652.04,7161.91,221.7494839,7.143,3,151315
8745,1,2012-06-08,0,12,10742.68,78.3,3.452,8813.81,116.8,64.55,2652.04,7161.91,221.7494839,7.143,3,151315
8747,1,2012-06-08,0,6,4888.46,78.3,3.452,8813.81,116.8,64.55,2652.04,7161.91,221.7494839,7.143,3,151315
8749,1,2012-06-08,0,4,41124.27,78.3,3.452,8813.81,116.8,64.55,2652.04,7161.91,221.7494839,7.143,3,151315
8754,1,2012-06-08,0,2,49439.58,78.3,3.452,8813.81,116.8,64.55,2652.04,7161.91,221.7494839,7.143,3,151315
8757,1,2012-06-08,0,18,4.97,78.3,3.452,8813.81,116.8,64.55,2652.04,7161.91,221.7494839,7.143,3,151315
8761,1,2012-06-08,0,17,8589.19,78.3,3.452,8813.81,116.8,64.55,2652.04,7161.91,221.7494839,7.143,3,151315
8764,1,2012-06-08,0,20,4943.11,78.3,3.452,8813.81,116.8,64.55,2652.04,7161.91,221.7494839,7.143,3,151315
8766,1,2012-06-08,0,5,24752.99,78.3,3.452,8813.81,116.8,64.55,2652.04,7161.91,221.7494839,7.143,3,151315
8767,1,2012-06-08,0,16,34785.29,78.3,3.452,8813.81,116.8,64.55,2652.04,7161.91,221.7494839,7.143,3,151315
8782,1,2012-06-08,0,19,1242.44,78.3,3.452,8813.81,116.8,64.55,2652.04,7161.91,221.7494839,7.143,3,151315
8784,1,2012-06-08,0,7,30052.56,78.3,3.452,8813.81,116.8,64.55,2652.04,7161.91,221.7494839,7.143,3,151315
8789,1,2012-06-08,0,1,17666,78.3,3.452,8813.81,116.8,64.55,2652.04,7161.91,221.7494839,7.143,3,151315
8792,1,2012-06-08,0,10,36155.27,78.3,3.452,8813.81,116.8,64.55,2652.04,7161.91,221.7494839,7.143,3,151315
8793,1,2012-06-08,0,8,40236.23,78.3,3.452,8813.81,116.8,64.55,2652.04,7161.91,221.7494839,7.143,3,151315
8797,1,2012-06-08,0,14,12858.85,78.3,3.452,8813.81,116.8,64.55,2652.04,7161.91,221.7494839,7.143,3,151315
8804,1,2012-06-08,0,3,8614.64,78.3,3.452,8813.81,116.8,64.55,2652.04,7161.91,221.7494839,7.143,3,151315
8808,1,2012-06-08,0,9,30307.11,78.3,3.452,8813.81,116.8,64.55,2652.04,7161.91,221.7494839,7.143,3,151315
8810,1,2012-06-08,0,11,35861.22,78.3,3.452,8813.81,116.8,64.55,2652.04,7161.91,221.7494839,7.143,3,151315
8813,1,2012-06-15,0,6,4087.58,79.35,3.393,5621.99,109.6,0.25,2420.28,3083.26,221.7626421,7.143,3,151315
8822,1,2012-06-15,0,4,39019.74,79.35,3.393,5621.99,109.6,0.25,2420.28,3083.26,221.7626421,7.143,3,151315
8823,1,2012-06-15,0,7,26249.22,79.35,3.393,5621.99,109.6,0.25,2420.28,3083.26,221.7626421,7.143,3,151315
8833,1,2012-06-15,0,10,32578.62,79.35,3.393,5621.99,109.6,0.25,2420.28,3083.26,221.7626421,7.143,3,151315
8834,1,2012-06-15,0,2,46637.48,79.35,3.393,5621.99,109.6,0.25,2420.28,3083.26,221.7626421,7.143,3,151315
8837,1,2012-06-15,0,20,3948.1,79.35,3.393,5621.99,109.6,0.25,2420.28,3083.26,221.7626421,7.143,3,151315
8840,1,2012-06-15,0,14,14117.36,79.35,3.393,5621.99,109.6,0.25,2420.28,3083.26,221.7626421,7.143,3,151315
8843,1,2012-06-15,0,12,11177.52,79.35,3.393,5621.99,109.6,0.25,2420.28,3083.26,221.7626421,7.143,3,151315
8845,1,2012-06-15,0,3,8016.26,79.35,3.393,5621.99,109.6,0.25,2420.28,3083.26,221.7626421,7.143,3,151315
8849,1,2012-06-15,0,13,39024.74,79.35,3.393,5621.99,109.6,0.25,2420.28,3083.26,221.7626421,7.143,3,151315
8861,1,2012-06-15,0,1,17558.82,79.35,3.393,5621.99,109.6,0.25,2420.28,3083.26,221.7626421,7.143,3,151315
8862,1,2012-06-15,0,5,21376.63,79.35,3.393,5621.99,109.6,0.25,2420.28,3083.26,221.7626421,7.143,3,151315
8863,1,2012-06-15,0,16,32898.46,79.35,3.393,5621.99,109.6,0.25,2420.28,3083.26,221.7626421,7.143,3,151315
8870,1,2012-06-15,0,8,38163.76,79.35,3.393,5621.99,109.6,0.25,2420.28,3083.26,221.7626421,7.143,3,151315
8873,1,2012-06-15,0,11,27802.84,79.35,3.393,5621.99,109.6,0.25,2420.28,3083.26,221.7626421,7.143,3,151315
8875,1,2012-06-15,0,17,6676.87,79.35,3.393,5621.99,109.6,0.25,2420.28,3083.26,221.7626421,7.143,3,151315
8876,1,2012-06-15,0,9,30249.01,79.35,3.393,5621.99,109.6,0.25,2420.28,3083.26,221.7626421,7.143,3,151315
8881,1,2012-06-15,0,19,951.49,79.35,3.393,5621.99,109.6,0.25,2420.28,3083.26,221.7626421,7.143,3,151315
8885,1,2012-06-22,0,4,37400.31,78.39,3.346,8624.56,171.25,3.05,2524.07,7063.68,221.8030211,7.143,3,151315
8890,1,2012-06-22,0,7,24777.12,78.39,3.346,8624.56,171.25,3.05,2524.07,7063.68,221.8030211,7.143,3,151315
8895,1,2012-06-22,0,20,5218.84,78.39,3.346,8624.56,171.25,3.05,2524.07,7063.68,221.8030211,7.143,3,151315
8902,1,2012-06-22,0,2,46075,78.39,3.346,8624.56,171.25,3.05,2524.07,7063.68,221.8030211,7.143,3,151315
8903,1,2012-06-22,0,6,4870.31,78.39,3.346,8624.56,171.25,3.05,2524.07,7063.68,221.8030211,7.143,3,151315
8907,1,2012-06-22,0,10,32851.06,78.39,3.346,8624.56,171.25,3.05,2524.07,7063.68,221.8030211,7.143,3,151315
8909,1,2012-06-22,0,16,36362.45,78.39,3.346,8624.56,171.25,3.05,2524.07,7063.68,221.8030211,7.143,3,151315
8911,1,2012-06-22,0,5,24337.24,78.39,3.346,8624.56,171.25,3.05,2524.07,7063.68,221.8030211,7.143,3,151315
8912,1,2012-06-22,0,12,9606.33,78.39,3.346,8624.56,171.25,3.05,2524.07,7063.68,221.8030211,7.143,3,151315
8917,1,2012-06-22,0,13,38945,78.39,3.346,8624.56,171.25,3.05,2524.07,7063.68,221.8030211,7.143,3,151315
8919,1,2012-06-22,0,8,37693.88,78.39,3.346,8624.56,171.25,3.05,2524.07,7063.68,221.8030211,7.143,3,151315
8921,1,2012-06-22,0,14,13158.38,78.39,3.346,8624.56,171.25,3.05,2524.07,7063.68,221.8030211,7.143,3,151315
8926,1,2012-06-22,0,3,7301.41,78.39,3.346,8624.56,171.25,3.05,2524.07,7063.68,221.8030211,7.143,3,151315
8934,1,2012-06-22,0,11,26407.67,78.39,3.346,8624.56,171.25,3.05,2524.07,7063.68,221.8030211,7.143,3,151315
8939,1,2012-06-22,0,1,16633.41,78.39,3.346,8624.56,171.25,3.05,2524.07,7063.68,221.8030211,7.143,3,151315
8941,1,2012-06-22,0,19,1174.7,78.39,3.346,8624.56,171.25,3.05,2524.07,7063.68,221.8030211,7.143,3,151315
8942,1,2012-06-22,0,17,7468.47,78.39,3.346,8624.56,171.25,3.05,2524.07,7063.68,221.8030211,7.143,3,151315
8952,1,2012-06-22,0,9,28249.43,78.39,3.346,8624.56,171.25,3.05,2524.07,7063.68,221.8030211,7.143,3,151315
8956,1,2012-06-29,0,4,39758.77,84.88,3.286,3965.73,161.6,0,435.99,4212.97,221.8434,7.143,3,151315
8963,1,2012-06-29,0,2,47629.14,84.88,3.286,3965.73,161.6,0,435.99,4212.97,221.8434,7.143,3,151315
8965,1,2012-06-29,0,5,20233.9,84.88,3.286,3965.73,161.6,0,435.99,4212.97,221.8434,7.143,3,151315
8967,1,2012-06-29,0,20,4847.43,84.88,3.286,3965.73,161.6,0,435.99,4212.97,221.8434,7.143,3,151315
8970,1,2012-06-29,0,7,24077.39,84.88,3.286,3965.73,161.6,0,435.99,4212.97,221.8434,7.143,3,151315
8972,1,2012-06-29,0,13,40099.49,84.88,3.286,3965.73,161.6,0,435.99,4212.97,221.8434,7.143,3,151315
8977,1,2012-06-29,0,16,37677.82,84.88,3.286,3965.73,161.6,0,435.99,4212.97,221.8434,7.143,3,151315
8984,1,2012-06-29,0,3,7577.59,84.88,3.286,3965.73,161.6,0,435.99,4212.97,221.8434,7.143,3,151315
8987,1,2012-06-29,0,8,37647.44,84.88,3.286,3965.73,161.6,0,435.99,4212.97,221.8434,7.143,3,151315
8994,1,2012-06-29,0,10,33135.34,84.88,3.286,3965.73,161.6,0,435.99,4212.97,221.8434,7.143,3,151315
8999,1,2012-06-29,0,12,11816.35,84.88,3.286,3965.73,161.6,0,435.99,4212.97,221.8434,7.143,3,151315
9000,1,2012-06-29,0,6,4774.5,84.88,3.286,3965.73,161.6,0,435.99,4212.97,221.8434,7.143,3,151315
9001,1,2012-06-29,0,17,8240.63,84.88,3.286,3965.73,161.6,0,435.99,4212.97,221.8434,7.143,3,151315
9010,1,2012-06-29,0,11,44553.45,84.88,3.286,3965.73,161.6,0,435.99,4212.97,221.8434,7.143,3,151315
9011,1,2012-06-29,0,19,1040.98,84.88,3.286,3965.73,161.6,0,435.99,4212.97,221.8434,7.143,3,151315
9013,1,2012-06-29,0,14,16958.84,84.88,3.286,3965.73,161.6,0,435.99,4212.97,221.8434,7.143,3,151315
9019,1,2012-06-29,0,1,15722.82,84.88,3.286,3965.73,161.6,0,435.99,4212.97,221.8434,7.143,3,151315
9021,1,2012-06-29,0,9,25081.23,84.88,3.286,3965.73,161.6,0,435.99,4212.97,221.8434,7.143,3,151315
9025,1,2012-07-06,0,2,49771.92,81.57,3.227,12218.76,94.4,192.83,4066.01,6149.04,221.8837789,6.908,3,151315
9032,1,2012-07-06,0,20,5485.86,81.57,3.227,12218.76,94.4,192.83,4066.01,6149.04,221.8837789,6.908,3,151315
9036,1,2012-07-06,0,4,44936.96,81.57,3.227,12218.76,94.4,192.83,4066.01,6149.04,221.8837789,6.908,3,151315
9041,1,2012-07-06,0,16,42679.2,81.57,3.227,12218.76,94.4,192.83,4066.01,6149.04,221.8837789,6.908,3,151315
9044,1,2012-07-06,0,5,19684.48,81.57,3.227,12218.76,94.4,192.83,4066.01,6149.04,221.8837789,6.908,3,151315
9045,1,2012-07-06,0,6,2828.03,81.57,3.227,12218.76,94.4,192.83,4066.01,6149.04,221.8837789,6.908,3,151315
9048,1,2012-07-06,0,13,43326.92,81.57,3.227,12218.76,94.4,192.83,4066.01,6149.04,221.8837789,6.908,3,151315
9057,1,2012-07-06,0,10,39189.33,81.57,3.227,12218.76,94.4,192.83,4066.01,6149.04,221.8837789,6.908,3,151315
9067,1,2012-07-06,0,12,13887.61,81.57,3.227,12218.76,94.4,192.83,4066.01,6149.04,221.8837789,6.908,3,151315
9068,1,2012-07-06,0,8,41524.67,81.57,3.227,12218.76,94.4,192.83,4066.01,6149.04,221.8837789,6.908,3,151315
9071,1,2012-07-06,0,3,8473.71,81.57,3.227,12218.76,94.4,192.83,4066.01,6149.04,221.8837789,6.908,3,151315
9072,1,2012-07-06,0,7,27364.96,81.57,3.227,12218.76,94.4,192.83,4066.01,6149.04,221.8837789,6.908,3,151315
9074,1,2012-07-06,0,17,8053.74,81.57,3.227,12218.76,94.4,192.83,4066.01,6149.04,221.8837789,6.908,3,151315
9076,1,2012-07-06,0,14,19019.04,81.57,3.227,12218.76,94.4,192.83,4066.01,6149.04,221.8837789,6.908,3,151315
9079,1,2012-07-06,0,1,17823.37,81.57,3.227,12218.76,94.4,192.83,4066.01,6149.04,221.8837789,6.908,3,151315
9084,1,2012-07-06,0,9,32851.76,81.57,3.227,12218.76,94.4,192.83,4066.01,6149.04,221.8837789,6.908,3,151315
9086,1,2012-07-06,0,11,36266.25,81.57,3.227,12218.76,94.4,192.83,4066.01,6149.04,221.8837789,6.908,3,151315
9089,1,2012-07-06,0,19,1195.29,81.57,3.227,12218.76,94.4,192.83,4066.01,6149.04,221.8837789,6.908,3,151315
9096,1,2012-07-13,0,20,3737.06,77.12,3.256,7218.13,45.2,36.24,3909.38,2596.37,221.9241579,6.908,3,151315
9097,1,2012-07-13,0,2,44411.95,77.12,3.256,7218.13,45.2,36.24,3909.38,2596.37,221.9241579,6.908,3,151315
9099,1,2012-07-13,0,4,38073.91,77.12,3.256,7218.13,45.2,36.24,3909.38,2596.37,221.9241579,6.908,3,151315
9106,1,2012-07-13,0,5,18089.61,77.12,3.256,7218.13,45.2,36.24,3909.38,2596.37,221.9241579,6.908,3,151315
9108,1,2012-07-13,0,13,39276.05,77.12,3.256,7218.13,45.2,36.24,3909.38,2596.37,221.9241579,6.908,3,151315
9124,1,2012-07-13,0,10,31430.55,77.12,3.256,7218.13,45.2,36.24,3909.38,2596.37,221.9241579,6.908,3,151315
9131,1,2012-07-13,0,16,22880.3,77.12,3.256,7218.13,45.2,36.24,3909.38,2596.37,221.9241579,6.908,3,151315
9132,1,2012-07-13,0,8,36130.01,77.12,3.256,7218.13,45.2,36.24,3909.38,2596.37,221.9241579,6.908,3,151315
9133,1,2012-07-13,0,3,13126.15,77.12,3.256,7218.13,45.2,36.24,3909.38,2596.37,221.9241579,6.908,3,151315
9136,1,2012-07-13,0,17,7386.64,77.12,3.256,7218.13,45.2,36.24,3909.38,2596.37,221.9241579,6.908,3,151315
9138,1,2012-07-13,0,14,14332.72,77.12,3.256,7218.13,45.2,36.24,3909.38,2596.37,221.9241579,6.908,3,151315
9143,1,2012-07-13,0,6,2776.97,77.12,3.256,7218.13,45.2,36.24,3909.38,2596.37,221.9241579,6.908,3,151315
9145,1,2012-07-13,0,9,21464.73,77.12,3.256,7218.13,45.2,36.24,3909.38,2596.37,221.9241579,6.908,3,151315
9146,1,2012-07-13,0,1,16566.18,77.12,3.256,7218.13,45.2,36.24,3909.38,2596.37,221.9241579,6.908,3,151315
9150,1,2012-07-13,0,12,9318.1,77.12,3.256,7218.13,45.2,36.24,3909.38,2596.37,221.9241579,6.908,3,151315
9155,1,2012-07-13,0,11,25922.59,77.12,3.256,7218.13,45.2,36.24,3909.38,2596.37,221.9241579,6.908,3,151315
9160,1,2012-07-13,0,19,1003.66,77.12,3.256,7218.13,45.2,36.24,3909.38,2596.37,221.9241579,6.908,3,151315
9162,1,2012-07-13,0,7,18427.17,77.12,3.256,7218.13,45.2,36.24,3909.38,2596.37,221.9241579,6.908,3,151315
9165,1,2012-07-20,0,4,38080.05,80.42,3.311,3213,313.72,9.53,2262.02,3228.19,221.9327267,6.908,3,151315
9171,1,2012-07-20,0,2,45108.22,80.42,3.311,3213,313.72,9.53,2262.02,3228.19,221.9327267,6.908,3,151315
9176,1,2012-07-20,0,13,39396.59,80.42,3.311,3213,313.72,9.53,2262.02,3228.19,221.9327267,6.908,3,151315
9178,1,2012-07-20,0,5,17896.46,80.42,3.311,3213,313.72,9.53,2262.02,3228.19,221.9327267,6.908,3,151315
9188,1,2012-07-20,0,6,3496.53,80.42,3.311,3213,313.72,9.53,2262.02,3228.19,221.9327267,6.908,3,151315
9191,1,2012-07-20,0,17,7195.7,80.42,3.311,3213,313.72,9.53,2262.02,3228.19,221.9327267,6.908,3,151315
9193,1,2012-07-20,0,3,20126.95,80.42,3.311,3213,313.72,9.53,2262.02,3228.19,221.9327267,6.908,3,151315
9195,1,2012-07-20,0,8,37797.31,80.42,3.311,3213,313.72,9.53,2262.02,3228.19,221.9327267,6.908,3,151315
9197,1,2012-07-20,0,18,2.91,80.42,3.311,3213,313.72,9.53,2262.02,3228.19,221.9327267,6.908,3,151315
9198,1,2012-07-20,0,16,24017.03,80.42,3.311,3213,313.72,9.53,2262.02,3228.19,221.9327267,6.908,3,151315
9199,1,2012-07-20,0,10,29187.22,80.42,3.311,3213,313.72,9.53,2262.02,3228.19,221.9327267,6.908,3,151315
9201,1,2012-07-20,0,14,12083.33,80.42,3.311,3213,313.72,9.53,2262.02,3228.19,221.9327267,6.908,3,151315
9210,1,2012-07-20,0,11,26026.46,80.42,3.311,3213,313.72,9.53,2262.02,3228.19,221.9327267,6.908,3,151315
9212,1,2012-07-20,0,1,16348.06,80.42,3.311,3213,313.72,9.53,2262.02,3228.19,221.9327267,6.908,3,151315
9224,1,2012-07-20,0,19,955.74,80.42,3.311,3213,313.72,9.53,2262.02,3228.19,221.9327267,6.908,3,151315
9227,1,2012-07-20,0,12,12565.06,80.42,3.311,3213,313.72,9.53,2262.02,3228.19,221.9327267,6.908,3,151315
9230,1,2012-07-20,0,9,22594.18,80.42,3.311,3213,313.72,9.53,2262.02,3228.19,221.9327267,6.908,3,151315
9233,1,2012-07-20,0,7,16528.1,80.42,3.311,3213,313.72,9.53,2262.02,3228.19,221.9327267,6.908,3,151315
9236,1,2012-07-20,0,20,4831.71,80.42,3.311,3213,313.72,9.53,2262.02,3228.19,221.9327267,6.908,3,151315
9239,1,2012-07-27,0,13,37423.21,82.66,3.407,7146.9,389.02,1.59,10267.54,4325.19,221.9412954,6.908,3,151315
9246,1,2012-07-27,0,5,14105.4,82.66,3.407,7146.9,389.02,1.59,10267.54,4325.19,221.9412954,6.908,3,151315
9247,1,2012-07-27,0,3,22716.7,82.66,3.407,7146.9,389.02,1.59,10267.54,4325.19,221.9412954,6.908,3,151315
9248,1,2012-07-27,0,10,30594.53,82.66,3.407,7146.9,389.02,1.59,10267.54,4325.19,221.9412954,6.908,3,151315
9253,1,2012-07-27,0,16,23838.33,82.66,3.407,7146.9,389.02,1.59,10267.54,4325.19,221.9412954,6.908,3,151315
9256,1,2012-07-27,0,17,8435.09,82.66,3.407,7146.9,389.02,1.59,10267.54,4325.19,221.9412954,6.908,3,151315
9257,1,2012-07-27,0,1,15731.18,82.66,3.407,7146.9,389.02,1.59,10267.54,4325.19,221.9412954,6.908,3,151315
9263,1,2012-07-27,0,14,12706.52,82.66,3.407,7146.9,389.02,1.59,10267.54,4325.19,221.9412954,6.908,3,151315
9265,1,2012-07-27,0,4,35197.59,82.66,3.407,7146.9,389.02,1.59,10267.54,4325.19,221.9412954,6.908,3,151315
9268,1,2012-07-27,0,19,1016.28,82.66,3.407,7146.9,389.02,1.59,10267.54,4325.19,221.9412954,6.908,3,151315
9269,1,2012-07-27,0,6,2545.65,82.66,3.407,7146.9,389.02,1.59,10267.54,4325.19,221.9412954,6.908,3,151315
9276,1,2012-07-27,0,2,45008.22,82.66,3.407,7146.9,389.02,1.59,10267.54,4325.19,221.9412954,6.908,3,151315
9281,1,2012-07-27,0,9,22921.21,82.66,3.407,7146.9,389.02,1.59,10267.54,4325.19,221.9412954,6.908,3,151315
9282,1,2012-07-27,0,11,33443.23,82.66,3.407,7146.9,389.02,1.59,10267.54,4325.19,221.9412954,6.908,3,151315
9286,1,2012-07-27,0,8,36981.9,82.66,3.407,7146.9,389.02,1.59,10267.54,4325.19,221.9412954,6.908,3,151315
9287,1,2012-07-27,0,20,3810.16,82.66,3.407,7146.9,389.02,1.59,10267.54,4325.19,221.9412954,6.908,3,151315
9288,1,2012-07-27,0,12,11109.25,82.66,3.407,7146.9,389.02,1.59,10267.54,4325.19,221.9412954,6.908,3,151315
9301,1,2012-07-27,0,7,17171.35,82.66,3.407,7146.9,389.02,1.59,10267.54,4325.19,221.9412954,6.908,3,151315
9314,1,2012-08-03,0,17,7809.58,86.11,3.417,27584.78,119.98,30.23,12007.04,4661.71,221.9498642,6.908,3,151315
9317,1,2012-08-03,0,13,44708.45,86.11,3.417,27584.78,119.98,30.23,12007.04,4661.71,221.9498642,6.908,3,151315
9318,1,2012-08-03,0,16,25418.49,86.11,3.417,27584.78,119.98,30.23,12007.04,4661.71,221.9498642,6.908,3,151315
9320,1,2012-08-03,0,4,41305.39,86.11,3.417,27584.78,119.98,30.23,12007.04,4661.71,221.9498642,6.908,3,151315
9325,1,2012-08-03,0,3,30331.69,86.11,3.417,27584.78,119.98,30.23,12007.04,4661.71,221.9498642,6.908,3,151315
9326,1,2012-08-03,0,6,3412.58,86.11,3.417,27584.78,119.98,30.23,12007.04,4661.71,221.9498642,6.908,3,151315
9334,1,2012-08-03,0,1,16628.31,86.11,3.417,27584.78,119.98,30.23,12007.04,4661.71,221.9498642,6.908,3,151315
9337,1,2012-08-03,0,14,13423.3,86.11,3.417,27584.78,119.98,30.23,12007.04,4661.71,221.9498642,6.908,3,151315
9348,1,2012-08-03,0,7,16916.29,86.11,3.417,27584.78,119.98,30.23,12007.04,4661.71,221.9498642,6.908,3,151315
9349,1,2012-08-03,0,9,23780.97,86.11,3.417,27584.78,119.98,30.23,12007.04,4661.71,221.9498642,6.908,3,151315
9358,1,2012-08-03,0,2,49424.06,86.11,3.417,27584.78,119.98,30.23,12007.04,4661.71,221.9498642,6.908,3,151315
9365,1,2012-08-03,0,5,17615.28,86.11,3.417,27584.78,119.98,30.23,12007.04,4661.71,221.9498642,6.908,3,151315
9368,1,2012-08-03,0,10,32794.21,86.11,3.417,27584.78,119.98,30.23,12007.04,4661.71,221.9498642,6.908,3,151315
9369,1,2012-08-03,0,11,27759.99,86.11,3.417,27584.78,119.98,30.23,12007.04,4661.71,221.9498642,6.908,3,151315
9373,1,2012-08-03,0,8,40098.84,86.11,3.417,27584.78,119.98,30.23,12007.04,4661.71,221.9498642,6.908,3,151315
9374,1,2012-08-03,0,19,901.62,86.11,3.417,27584.78,119.98,30.23,12007.04,4661.71,221.9498642,6.908,3,151315
9377,1,2012-08-03,0,20,4708.44,86.11,3.417,27584.78,119.98,30.23,12007.04,4661.71,221.9498642,6.908,3,151315
9379,1,2012-08-03,0,12,11298.13,86.11,3.417,27584.78,119.98,30.23,12007.04,4661.71,221.9498642,6.908,3,151315
9381,1,2012-08-10,0,1,16119.92,85.05,3.494,11436.22,245,6.85,6964.26,4836.22,221.9584329,6.908,3,151315
9382,1,2012-08-10,0,17,8441.34,85.05,3.494,11436.22,245,6.85,6964.26,4836.22,221.9584329,6.908,3,151315
9387,1,2012-08-10,0,13,42241.23,85.05,3.494,11436.22,245,6.85,6964.26,4836.22,221.9584329,6.908,3,151315
9391,1,2012-08-10,0,14,12434.69,85.05,3.494,11436.22,245,6.85,6964.26,4836.22,221.9584329,6.908,3,151315
9393,1,2012-08-10,0,16,21677.85,85.05,3.494,11436.22,245,6.85,6964.26,4836.22,221.9584329,6.908,3,151315
9394,1,2012-08-10,0,3,28257.3,85.05,3.494,11436.22,245,6.85,6964.26,4836.22,221.9584329,6.908,3,151315
9397,1,2012-08-10,0,4,40343.83,85.05,3.494,11436.22,245,6.85,6964.26,4836.22,221.9584329,6.908,3,151315
9402,1,2012-08-10,0,6,-139.65,85.05,3.494,11436.22,245,6.85,6964.26,4836.22,221.9584329,6.908,3,151315
9414,1,2012-08-10,0,2,46729.91,85.05,3.494,11436.22,245,6.85,6964.26,4836.22,221.9584329,6.908,3,151315
9421,1,2012-08-10,0,10,33834.22,85.05,3.494,11436.22,245,6.85,6964.26,4836.22,221.9584329,6.908,3,151315
9424,1,2012-08-10,0,12,10605.66,85.05,3.494,11436.22,245,6.85,6964.26,4836.22,221.9584329,6.908,3,151315
9431,1,2012-08-10,0,19,875.1,85.05,3.494,11436.22,245,6.85,6964.26,4836.22,221.9584329,6.908,3,151315
9432,1,2012-08-10,0,8,37269.92,85.05,3.494,11436.22,245,6.85,6964.26,4836.22,221.9584329,6.908,3,151315
9437,1,2012-08-10,0,5,18232.46,85.05,3.494,11436.22,245,6.85,6964.26,4836.22,221.9584329,6.908,3,151315
9441,1,2012-08-10,0,11,24145.93,85.05,3.494,11436.22,245,6.85,6964.26,4836.22,221.9584329,6.908,3,151315
9443,1,2012-08-10,0,7,16552.49,85.05,3.494,11436.22,245,6.85,6964.26,4836.22,221.9584329,6.908,3,151315
9444,1,2012-08-10,0,20,4534.37,85.05,3.494,11436.22,245,6.85,6964.26,4836.22,221.9584329,6.908,3,151315
9449,1,2012-08-10,0,9,20400.88,85.05,3.494,11436.22,245,6.85,6964.26,4836.22,221.9584329,6.908,3,151315
9452,1,2012-08-17,0,14,12419.06,84.85,3.571,3662.06,137.86,4.84,2752.2,3446.15,222.0384109,6.908,3,151315
9453,1,2012-08-17,0,17,8710.04,84.85,3.571,3662.06,137.86,4.84,2752.2,3446.15,222.0384109,6.908,3,151315
9457,1,2012-08-17,0,1,17330.7,84.85,3.571,3662.06,137.86,4.84,2752.2,3446.15,222.0384109,6.908,3,151315
9463,1,2012-08-17,0,13,41658.4,84.85,3.571,3662.06,137.86,4.84,2752.2,3446.15,222.0384109,6.908,3,151315
9465,1,2012-08-17,0,4,38105.9,84.85,3.571,3662.06,137.86,4.84,2752.2,3446.15,222.0384109,6.908,3,151315
9467,1,2012-08-17,0,2,46350.97,84.85,3.571,3662.06,137.86,4.84,2752.2,3446.15,222.0384109,6.908,3,151315
9472,1,2012-08-17,0,16,20035.26,84.85,3.571,3662.06,137.86,4.84,2752.2,3446.15,222.0384109,6.908,3,151315
9474,1,2012-08-17,0,3,31905.97,84.85,3.571,3662.06,137.86,4.84,2752.2,3446.15,222.0384109,6.908,3,151315
9480,1,2012-08-17,0,12,11447.03,84.85,3.571,3662.06,137.86,4.84,2752.2,3446.15,222.0384109,6.908,3,151315
9484,1,2012-08-17,0,7,16256.91,84.85,3.571,3662.06,137.86,4.84,2752.2,3446.15,222.0384109,6.908,3,151315
9491,1,2012-08-17,0,5,15440.65,84.85,3.571,3662.06,137.86,4.84,2752.2,3446.15,222.0384109,6.908,3,151315
9499,1,2012-08-17,0,18,9.97,84.85,3.571,3662.06,137.86,4.84,2752.2,3446.15,222.0384109,6.908,3,151315
9503,1,2012-08-17,0,20,3980.4,84.85,3.571,3662.06,137.86,4.84,2752.2,3446.15,222.0384109,6.908,3,151315
9504,1,2012-08-17,0,10,29723.55,84.85,3.571,3662.06,137.86,4.84,2752.2,3446.15,222.0384109,6.908,3,151315
9507,1,2012-08-17,0,6,2725.3,84.85,3.571,3662.06,137.86,4.84,2752.2,3446.15,222.0384109,6.908,3,151315
9508,1,2012-08-17,0,19,1192.39,84.85,3.571,3662.06,137.86,4.84,2752.2,3446.15,222.0384109,6.908,3,151315
9511,1,2012-08-17,0,9,23503.86,84.85,3.571,3662.06,137.86,4.84,2752.2,3446.15,222.0384109,6.908,3,151315
9515,1,2012-08-17,0,8,36294.18,84.85,3.571,3662.06,137.86,4.84,2752.2,3446.15,222.0384109,6.908,3,151315
9517,1,2012-08-17,0,11,20281.68,84.85,3.571,3662.06,137.86,4.84,2752.2,3446.15,222.0384109,6.908,3,151315
9524,1,2012-08-24,0,17,9523.9,77.66,3.62,6237.83,260.06,2.97,3463.03,7988.25,222.1719457,6.908,3,151315
9526,1,2012-08-24,0,12,10723.59,77.66,3.62,6237.83,260.06,2.97,3463.03,7988.25,222.1719457,6.908,3,151315
9529,1,2012-08-24,0,3,43712.78,77.66,3.62,6237.83,260.06,2.97,3463.03,7988.25,222.1719457,6.908,3,151315
9538,1,2012-08-24,0,1,16286.4,77.66,3.62,6237.83,260.06,2.97,3463.03,7988.25,222.1719457,6.908,3,151315
9540,1,2012-08-24,0,4,36674.67,77.66,3.62,6237.83,260.06,2.97,3463.03,7988.25,222.1719457,6.908,3,151315
9548,1,2012-08-24,0,2,44972.52,77.66,3.62,6237.83,260.06,2.97,3463.03,7988.25,222.1719457,6.908,3,151315
9550,1,2012-08-24,0,14,11041.63,77.66,3.62,6237.83,260.06,2.97,3463.03,7988.25,222.1719457,6.908,3,151315
9553,1,2012-08-24,0,13,39231.62,77.66,3.62,6237.83,260.06,2.97,3463.03,7988.25,222.1719457,6.908,3,151315
9558,1,2012-08-24,0,5,22446.23,77.66,3.62,6237.83,260.06,2.97,3463.03,7988.25,222.1719457,6.908,3,151315
9562,1,2012-08-24,0,20,3452.67,77.66,3.62,6237.83,260.06,2.97,3463.03,7988.25,222.1719457,6.908,3,151315
9567,1,2012-08-24,0,10,27884.19,77.66,3.62,6237.83,260.06,2.97,3463.03,7988.25,222.1719457,6.908,3,151315
9573,1,2012-08-24,0,18,4.97,77.66,3.62,6237.83,260.06,2.97,3463.03,7988.25,222.1719457,6.908,3,151315
9577,1,2012-08-24,0,6,2626.5,77.66,3.62,6237.83,260.06,2.97,3463.03,7988.25,222.1719457,6.908,3,151315
9578,1,2012-08-24,0,16,18393.12,77.66,3.62,6237.83,260.06,2.97,3463.03,7988.25,222.1719457,6.908,3,151315
9583,1,2012-08-24,0,8,33855.28,77.66,3.62,6237.83,260.06,2.97,3463.03,7988.25,222.1719457,6.908,3,151315
9586,1,2012-08-24,0,11,20462.68,77.66,3.62,6237.83,260.06,2.97,3463.03,7988.25,222.1719457,6.908,3,151315
9590,1,2012-08-24,0,19,1328.49,77.66,3.62,6237.83,260.06,2.97,3463.03,7988.25,222.1719457,6.908,3,151315
9592,1,2012-08-24,0,9,26262.95,77.66,3.62,6237.83,260.06,2.97,3463.03,7988.25,222.1719457,6.908,3,151315
9593,1,2012-08-24,0,7,15159.94,77.66,3.62,6237.83,260.06,2.97,3463.03,7988.25,222.1719457,6.908,3,151315
9600,1,2012-08-31,0,14,12912.96,80.49,3.638,21442.73,102.32,21.7,13209.64,3032.96,222.3054805,6.908,3,151315
9604,1,2012-08-31,0,2,50995.5,80.49,3.638,21442.73,102.32,21.7,13209.64,3032.96,222.3054805,6.908,3,151315
9605,1,2012-08-31,0,12,10591.46,80.49,3.638,21442.73,102.32,21.7,13209.64,3032.96,222.3054805,6.908,3,151315
9607,1,2012-08-31,0,4,37802.97,80.49,3.638,21442.73,102.32,21.7,13209.64,3032.96,222.3054805,6.908,3,151315
9609,1,2012-08-31,0,1,16680.24,80.49,3.638,21442.73,102.32,21.7,13209.64,3032.96,222.3054805,6.908,3,151315
9616,1,2012-08-31,0,5,18615.76,80.49,3.638,21442.73,102.32,21.7,13209.64,3032.96,222.3054805,6.908,3,151315
9622,1,2012-08-31,0,3,50701.3,80.49,3.638,21442.73,102.32,21.7,13209.64,3032.96,222.3054805,6.908,3,151315
9624,1,2012-08-31,0,16,16797.62,80.49,3.638,21442.73,102.32,21.7,13209.64,3032.96,222.3054805,6.908,3,151315
9626,1,2012-08-31,0,10,28490.93,80.49,3.638,21442.73,102.32,21.7,13209.64,3032.96,222.3054805,6.908,3,151315
9629,1,2012-08-31,0,20,4602.26,80.49,3.638,21442.73,102.32,21.7,13209.64,3032.96,222.3054805,6.908,3,151315
9634,1,2012-08-31,0,13,40940.78,80.49,3.638,21442.73,102.32,21.7,13209.64,3032.96,222.3054805,6.908,3,151315
9641,1,2012-08-31,0,18,4.97,80.49,3.638,21442.73,102.32,21.7,13209.64,3032.96,222.3054805,6.908,3,151315
9647,1,2012-08-31,0,19,900.06,80.49,3.638,21442.73,102.32,21.7,13209.64,3032.96,222.3054805,6.908,3,151315
9652,1,2012-08-31,0,17,8158.73,80.49,3.638,21442.73,102.32,21.7,13209.64,3032.96,222.3054805,6.908,3,151315
9656,1,2012-08-31,0,9,41634.69,80.49,3.638,21442.73,102.32,21.7,13209.64,3032.96,222.3054805,6.908,3,151315
9659,1,2012-08-31,0,8,37666.92,80.49,3.638,21442.73,102.32,21.7,13209.64,3032.96,222.3054805,6.908,3,151315
9662,1,2012-08-31,0,6,2987.07,80.49,3.638,21442.73,102.32,21.7,13209.64,3032.96,222.3054805,6.908,3,151315
9663,1,2012-08-31,0,11,21103.42,80.49,3.638,21442.73,102.32,21.7,13209.64,3032.96,222.3054805,6.908,3,151315
9665,1,2012-08-31,0,7,15802.09,80.49,3.638,21442.73,102.32,21.7,13209.64,3032.96,222.3054805,6.908,3,151315
9741,1,2012-09-14,0,20,3548.56,74.97,3.717,17212.52,7,18.79,1523.11,7992.72,222.5820193,6.908,3,151315
9743,1,2012-09-14,0,12,10484.08,74.97,3.717,17212.52,7,18.79,1523.11,7992.72,222.5820193,6.908,3,151315
9748,1,2012-09-14,0,10,31705.09,74.97,3.717,17212.52,7,18.79,1523.11,7992.72,222.5820193,6.908,3,151315
9749,1,2012-09-14,0,13,38759.47,74.97,3.717,17212.52,7,18.79,1523.11,7992.72,222.5820193,6.908,3,151315
9753,1,2012-09-14,0,4,35044.06,74.97,3.717,17212.52,7,18.79,1523.11,7992.72,222.5820193,6.908,3,151315
9755,1,2012-09-14,0,1,19616.22,74.97,3.717,17212.52,7,18.79,1523.11,7992.72,222.5820193,6.908,3,151315
9760,1,2012-09-14,0,18,649.09,74.97,3.717,17212.52,7,18.79,1523.11,7992.72,222.5820193,6.908,3,151315
9761,1,2012-09-14,0,17,7075.73,74.97,3.717,17212.52,7,18.79,1523.11,7992.72,222.5820193,6.908,3,151315
9768,1,2012-09-14,0,5,19369.52,74.97,3.717,17212.52,7,18.79,1523.11,7992.72,222.5820193,6.908,3,151315
9774,1,2012-09-14,0,16,14646.37,74.97,3.717,17212.52,7,18.79,1523.11,7992.72,222.5820193,6.908,3,151315
9784,1,2012-09-14,0,11,17027.47,74.97,3.717,17212.52,7,18.79,1523.11,7992.72,222.5820193,6.908,3,151315
9786,1,2012-09-14,0,19,733.78,74.97,3.717,17212.52,7,18.79,1523.11,7992.72,222.5820193,6.908,3,151315
9791,1,2012-09-14,0,3,14288.22,74.97,3.717,17212.52,7,18.79,1523.11,7992.72,222.5820193,6.908,3,151315
9793,1,2012-09-14,0,2,44493.61,74.97,3.717,17212.52,7,18.79,1523.11,7992.72,222.5820193,6.908,3,151315
9795,1,2012-09-14,0,9,31882.98,74.97,3.717,17212.52,7,18.79,1523.11,7992.72,222.5820193,6.908,3,151315
9798,1,2012-09-14,0,8,37346.83,74.97,3.717,17212.52,7,18.79,1523.11,7992.72,222.5820193,6.908,3,151315
9801,1,2012-09-14,0,6,3073.31,74.97,3.717,17212.52,7,18.79,1523.11,7992.72,222.5820193,6.908,3,151315
9807,1,2012-09-14,0,7,15525.82,74.97,3.717,17212.52,7,18.79,1523.11,7992.72,222.5820193,6.908,3,151315
9808,1,2012-09-14,0,14,11596.1,74.97,3.717,17212.52,7,18.79,1523.11,7992.72,222.5820193,6.908,3,151315
9817,1,2012-09-21,0,18,3361,69.87,3.721,6352.3,7.64,4.69,1010.06,6456.71,222.7818386,6.908,3,151315
9821,1,2012-09-21,0,16,13415.51,69.87,3.721,6352.3,7.64,4.69,1010.06,6456.71,222.7818386,6.908,3,151315
9824,1,2012-09-21,0,10,29203.63,69.87,3.721,6352.3,7.64,4.69,1010.06,6456.71,222.7818386,6.908,3,151315
9825,1,2012-09-21,0,13,39746.87,69.87,3.721,6352.3,7.64,4.69,1010.06,6456.71,222.7818386,6.908,3,151315
9829,1,2012-09-21,0,12,9448.14,69.87,3.721,6352.3,7.64,4.69,1010.06,6456.71,222.7818386,6.908,3,151315
9831,1,2012-09-21,0,19,1015.46,69.87,3.721,6352.3,7.64,4.69,1010.06,6456.71,222.7818386,6.908,3,151315
9833,1,2012-09-21,0,3,13403.63,69.87,3.721,6352.3,7.64,4.69,1010.06,6456.71,222.7818386,6.908,3,151315
9839,1,2012-09-21,0,9,33889.72,69.87,3.721,6352.3,7.64,4.69,1010.06,6456.71,222.7818386,6.908,3,151315
9842,1,2012-09-21,0,11,18161.43,69.87,3.721,6352.3,7.64,4.69,1010.06,6456.71,222.7818386,6.908,3,151315
9844,1,2012-09-21,0,8,36404.63,69.87,3.721,6352.3,7.64,4.69,1010.06,6456.71,222.7818386,6.908,3,151315
9846,1,2012-09-21,0,1,19251.5,69.87,3.721,6352.3,7.64,4.69,1010.06,6456.71,222.7818386,6.908,3,151315
9849,1,2012-09-21,0,20,3532.28,69.87,3.721,6352.3,7.64,4.69,1010.06,6456.71,222.7818386,6.908,3,151315
9852,1,2012-09-21,0,14,12193.8,69.87,3.721,6352.3,7.64,4.69,1010.06,6456.71,222.7818386,6.908,3,151315
9856,1,2012-09-21,0,17,7143.59,69.87,3.721,6352.3,7.64,4.69,1010.06,6456.71,222.7818386,6.908,3,151315
9867,1,2012-09-21,0,6,4159.51,69.87,3.721,6352.3,7.64,4.69,1010.06,6456.71,222.7818386,6.908,3,151315
9868,1,2012-09-21,0,2,43541.07,69.87,3.721,6352.3,7.64,4.69,1010.06,6456.71,222.7818386,6.908,3,151315
9870,1,2012-09-21,0,4,34507.34,69.87,3.721,6352.3,7.64,4.69,1010.06,6456.71,222.7818386,6.908,3,151315
9875,1,2012-09-21,0,7,22542.44,69.87,3.721,6352.3,7.64,4.69,1010.06,6456.71,222.7818386,6.908,3,151315
9877,1,2012-09-21,0,5,25798.78,69.87,3.721,6352.3,7.64,4.69,1010.06,6456.71,222.7818386,6.908,3,151315
9883,1,2012-09-28,0,16,14734.64,76.08,3.666,3666.27,7.64,1.65,1417.96,4744.28,222.9816579,6.908,3,151315
9886,1,2012-09-28,0,10,27205.4,76.08,3.666,3666.27,7.64,1.65,1417.96,4744.28,222.9816579,6.908,3,151315
9890,1,2012-09-28,0,18,4867.7,76.08,3.666,3666.27,7.64,1.65,1417.96,4744.28,222.9816579,6.908,3,151315
9897,1,2012-09-28,0,13,39793.41,76.08,3.666,3666.27,7.64,1.65,1417.96,4744.28,222.9816579,6.908,3,151315
9899,1,2012-09-28,0,19,1385.85,76.08,3.666,3666.27,7.64,1.65,1417.96,4744.28,222.9816579,6.908,3,151315
9901,1,2012-09-28,0,3,13085.95,76.08,3.666,3666.27,7.64,1.65,1417.96,4744.28,222.9816579,6.908,3,151315
9906,1,2012-09-28,0,8,37254.84,76.08,3.666,3666.27,7.64,1.65,1417.96,4744.28,222.9816579,6.908,3,151315
9907,1,2012-09-28,0,12,11013.77,76.08,3.666,3666.27,7.64,1.65,1417.96,4744.28,222.9816579,6.908,3,151315
9909,1,2012-09-28,0,11,17242.78,76.08,3.666,3666.27,7.64,1.65,1417.96,4744.28,222.9816579,6.908,3,151315
9921,1,2012-09-28,0,2,45784.76,76.08,3.666,3666.27,7.64,1.65,1417.96,4744.28,222.9816579,6.908,3,151315
9926,1,2012-09-28,0,5,22560.39,76.08,3.666,3666.27,7.64,1.65,1417.96,4744.28,222.9816579,6.908,3,151315
9927,1,2012-09-28,0,1,18947.81,76.08,3.666,3666.27,7.64,1.65,1417.96,4744.28,222.9816579,6.908,3,151315
9928,1,2012-09-28,0,20,3200.54,76.08,3.666,3666.27,7.64,1.65,1417.96,4744.28,222.9816579,6.908,3,151315
9930,1,2012-09-28,0,9,40712.85,76.08,3.666,3666.27,7.64,1.65,1417.96,4744.28,222.9816579,6.908,3,151315
9937,1,2012-09-28,0,6,3168.68,76.08,3.666,3666.27,7.64,1.65,1417.96,4744.28,222.9816579,6.908,3,151315
9939,1,2012-09-28,0,17,7155.75,76.08,3.666,3666.27,7.64,1.65,1417.96,4744.28,222.9816579,6.908,3,151315
9943,1,2012-09-28,0,4,34647.33,76.08,3.666,3666.27,7.64,1.65,1417.96,4744.28,222.9816579,6.908,3,151315
9944,1,2012-09-28,0,14,12037.66,76.08,3.666,3666.27,7.64,1.65,1417.96,4744.28,222.9816579,6.908,3,151315
9952,1,2012-09-28,0,7,22343.24,76.08,3.666,3666.27,7.64,1.65,1417.96,4744.28,222.9816579,6.908,3,151315
9956,1,2012-10-05,0,18,7291.46,68.55,3.617,8077.89,0,18.22,3617.43,3626.14,223.1814772,6.573,3,151315
9957,1,2012-10-05,0,16,11320.41,68.55,3.617,8077.89,0,18.22,3617.43,3626.14,223.1814772,6.573,3,151315
9958,1,2012-10-05,0,10,27822.4,68.55,3.617,8077.89,0,18.22,3617.43,3626.14,223.1814772,6.573,3,151315
9970,1,2012-10-05,0,13,43746.89,68.55,3.617,8077.89,0,18.22,3617.43,3626.14,223.1814772,6.573,3,151315
9971,1,2012-10-05,0,11,22374.18,68.55,3.617,8077.89,0,18.22,3617.43,3626.14,223.1814772,6.573,3,151315
9974,1,2012-10-05,0,12,10037.09,68.55,3.617,8077.89,0,18.22,3617.43,3626.14,223.1814772,6.573,3,151315
9976,1,2012-10-05,0,19,1192.58,68.55,3.617,8077.89,0,18.22,3617.43,3626.14,223.1814772,6.573,3,151315
9978,1,2012-10-05,0,9,40439.53,68.55,3.617,8077.89,0,18.22,3617.43,3626.14,223.1814772,6.573,3,151315
9980,1,2012-10-05,0,3,11676.98,68.55,3.617,8077.89,0,18.22,3617.43,3626.14,223.1814772,6.573,3,151315
9983,1,2012-10-05,0,8,42663.75,68.55,3.617,8077.89,0,18.22,3617.43,3626.14,223.1814772,6.573,3,151315
9990,1,2012-10-05,0,6,3843.29,68.55,3.617,8077.89,0,18.22,3617.43,3626.14,223.1814772,6.573,3,151315
9992,1,2012-10-05,0,17,9040.52,68.55,3.617,8077.89,0,18.22,3617.43,3626.14,223.1814772,6.573,3,151315
9997,1,2012-10-05,0,5,25508.81,68.55,3.617,8077.89,0,18.22,3617.43,3626.14,223.1814772,6.573,3,151315
10000,1,2012-10-05,0,14,14381.21,68.55,3.617,8077.89,0,18.22,3617.43,3626.14,223.1814772,6.573,3,151315
10002,1,2012-10-05,0,2,48577.08,68.55,3.617,8077.89,0,18.22,3617.43,3626.14,223.1814772,6.573,3,151315
10007,1,2012-10-05,0,1,21904.47,68.55,3.617,8077.89,0,18.22,3617.43,3626.14,223.1814772,6.573,3,151315
10017,1,2012-10-05,0,4,39311.93,68.55,3.617,8077.89,0,18.22,3617.43,3626.14,223.1814772,6.573,3,151315
10022,1,2012-10-05,0,7,22071.39,68.55,3.617,8077.89,0,18.22,3617.43,3626.14,223.1814772,6.573,3,151315
10025,1,2012-10-05,0,20,4184.73,68.55,3.617,8077.89,0,18.22,3617.43,3626.14,223.1814772,6.573,3,151315
10028,1,2012-10-12,0,19,1415.68,62.99,3.601,2086.18,0,8.11,602.36,5926.45,223.3812965,6.573,3,151315
10029,1,2012-10-12,0,10,27803.78,62.99,3.601,2086.18,0,8.11,602.36,5926.45,223.3812965,6.573,3,151315
10030,1,2012-10-12,0,16,10525.66,62.99,3.601,2086.18,0,8.11,602.36,5926.45,223.3812965,6.573,3,151315
10035,1,2012-10-12,0,18,8171.79,62.99,3.601,2086.18,0,8.11,602.36,5926.45,223.3812965,6.573,3,151315
10036,1,2012-10-12,0,11,21857.09,62.99,3.601,2086.18,0,8.11,602.36,5926.45,223.3812965,6.573,3,151315
10038,1,2012-10-12,0,13,38015.36,62.99,3.601,2086.18,0,8.11,602.36,5926.45,223.3812965,6.573,3,151315
10042,1,2012-10-12,0,12,8983.82,62.99,3.601,2086.18,0,8.11,602.36,5926.45,223.3812965,6.573,3,151315
10051,1,2012-10-12,0,8,37248.47,62.99,3.601,2086.18,0,8.11,602.36,5926.45,223.3812965,6.573,3,151315
10058,1,2012-10-12,0,14,11450.64,62.99,3.601,2086.18,0,8.11,602.36,5926.45,223.3812965,6.573,3,151315
10061,1,2012-10-12,0,3,10487.17,62.99,3.601,2086.18,0,8.11,602.36,5926.45,223.3812965,6.573,3,151315
10062,1,2012-10-12,0,2,42112.67,62.99,3.601,2086.18,0,8.11,602.36,5926.45,223.3812965,6.573,3,151315
10063,1,2012-10-12,0,6,3788.59,62.99,3.601,2086.18,0,8.11,602.36,5926.45,223.3812965,6.573,3,151315
10069,1,2012-10-12,0,9,37126.23,62.99,3.601,2086.18,0,8.11,602.36,5926.45,223.3812965,6.573,3,151315
10073,1,2012-10-12,0,17,7908.36,62.99,3.601,2086.18,0,8.11,602.36,5926.45,223.3812965,6.573,3,151315
10083,1,2012-10-12,0,4,35446.18,62.99,3.601,2086.18,0,8.11,602.36,5926.45,223.3812965,6.573,3,151315
10085,1,2012-10-12,0,1,22764.01,62.99,3.601,2086.18,0,8.11,602.36,5926.45,223.3812965,6.573,3,151315
10086,1,2012-10-12,0,20,3126.49,62.99,3.601,2086.18,0,8.11,602.36,5926.45,223.3812965,6.573,3,151315
10088,1,2012-10-12,0,5,20920.03,62.99,3.601,2086.18,0,8.11,602.36,5926.45,223.3812965,6.573,3,151315
10094,1,2012-10-12,0,7,20212.71,62.99,3.601,2086.18,0,8.11,602.36,5926.45,223.3812965,6.573,3,151315
10101,1,2012-10-19,0,19,1247.56,67.97,3.594,950.33,0,4.93,80.25,2312.85,223.4257233,6.573,3,151315
10103,1,2012-10-19,0,2,42354.72,67.97,3.594,950.33,0,4.93,80.25,2312.85,223.4257233,6.573,3,151315
10106,1,2012-10-19,0,8,38668.75,67.97,3.594,950.33,0,4.93,80.25,2312.85,223.4257233,6.573,3,151315
10113,1,2012-10-19,0,10,29442.38,67.97,3.594,950.33,0,4.93,80.25,2312.85,223.4257233,6.573,3,151315
10115,1,2012-10-19,0,9,36690.81,67.97,3.594,950.33,0,4.93,80.25,2312.85,223.4257233,6.573,3,151315
10116,1,2012-10-19,0,4,35549.19,67.97,3.594,950.33,0,4.93,80.25,2312.85,223.4257233,6.573,3,151315
10123,1,2012-10-19,0,14,12035.51,67.97,3.594,950.33,0,4.93,80.25,2312.85,223.4257233,6.573,3,151315
10127,1,2012-10-19,0,11,18259.82,67.97,3.594,950.33,0,4.93,80.25,2312.85,223.4257233,6.573,3,151315
10130,1,2012-10-19,0,1,24185.27,67.97,3.594,950.33,0,4.93,80.25,2312.85,223.4257233,6.573,3,151315
10131,1,2012-10-19,0,13,38341.15,67.97,3.594,950.33,0,4.93,80.25,2312.85,223.4257233,6.573,3,151315
10135,1,2012-10-19,0,12,10830.48,67.97,3.594,950.33,0,4.93,80.25,2312.85,223.4257233,6.573,3,151315
10136,1,2012-10-19,0,7,21937.45,67.97,3.594,950.33,0,4.93,80.25,2312.85,223.4257233,6.573,3,151315
10144,1,2012-10-19,0,3,8548.87,67.97,3.594,950.33,0,4.93,80.25,2312.85,223.4257233,6.573,3,151315
10145,1,2012-10-19,0,18,10569.09,67.97,3.594,950.33,0,4.93,80.25,2312.85,223.4257233,6.573,3,151315
10152,1,2012-10-19,0,6,3496.69,67.97,3.594,950.33,0,4.93,80.25,2312.85,223.4257233,6.573,3,151315
10157,1,2012-10-19,0,5,20413.83,67.97,3.594,950.33,0,4.93,80.25,2312.85,223.4257233,6.573,3,151315
10159,1,2012-10-19,0,16,9518.43,67.97,3.594,950.33,0,4.93,80.25,2312.85,223.4257233,6.573,3,151315
10162,1,2012-10-19,0,20,3640.07,67.97,3.594,950.33,0,4.93,80.25,2312.85,223.4257233,6.573,3,151315
10167,1,2012-10-19,0,17,7640.43,67.97,3.594,950.33,0,4.93,80.25,2312.85,223.4257233,6.573,3,151315
10172,1,2012-10-26,0,4,36292.6,69.16,3.506,2585.85,31.75,6,1057.16,1305.01,223.4442513,6.573,3,151315
10174,1,2012-10-26,0,1,27390.81,69.16,3.506,2585.85,31.75,6,1057.16,1305.01,223.4442513,6.573,3,151315
10176,1,2012-10-26,0,2,43134.88,69.16,3.506,2585.85,31.75,6,1057.16,1305.01,223.4442513,6.573,3,151315
10183,1,2012-10-26,0,8,39255.35,69.16,3.506,2585.85,31.75,6,1057.16,1305.01,223.4442513,6.573,3,151315
10197,1,2012-10-26,0,3,9350.9,69.16,3.506,2585.85,31.75,6,1057.16,1305.01,223.4442513,6.573,3,151315
10201,1,2012-10-26,0,16,9934.63,69.16,3.506,2585.85,31.75,6,1057.16,1305.01,223.4442513,6.573,3,151315
10209,1,2012-10-26,0,6,4032.5,69.16,3.506,2585.85,31.75,6,1057.16,1305.01,223.4442513,6.573,3,151315
10214,1,2012-10-26,0,18,17934.28,69.16,3.506,2585.85,31.75,6,1057.16,1305.01,223.4442513,6.573,3,151315
10215,1,2012-10-26,0,10,26285.27,69.16,3.506,2585.85,31.75,6,1057.16,1305.01,223.4442513,6.573,3,151315
10216,1,2012-10-26,0,20,2680.53,69.16,3.506,2585.85,31.75,6,1057.16,1305.01,223.4442513,6.573,3,151315
10217,1,2012-10-26,0,12,8658.41,69.16,3.506,2585.85,31.75,6,1057.16,1305.01,223.4442513,6.573,3,151315
10219,1,2012-10-26,0,14,11150,69.16,3.506,2585.85,31.75,6,1057.16,1305.01,223.4442513,6.573,3,151315
10221,1,2012-10-26,0,17,7640.92,69.16,3.506,2585.85,31.75,6,1057.16,1305.01,223.4442513,6.573,3,151315
10228,1,2012-10-26,0,5,25846.94,69.16,3.506,2585.85,31.75,6,1057.16,1305.01,223.4442513,6.573,3,151315
10231,1,2012-10-26,0,7,21449.85,69.16,3.506,2585.85,31.75,6,1057.16,1305.01,223.4442513,6.573,3,151315
10233,1,2012-10-26,0,9,41040.84,69.16,3.506,2585.85,31.75,6,1057.16,1305.01,223.4442513,6.573,3,151315
10235,1,2012-10-26,0,11,22399.83,69.16,3.506,2585.85,31.75,6,1057.16,1305.01,223.4442513,6.573,3,151315
10236,1,2012-10-26,0,19,1640.81,69.16,3.506,2585.85,31.75,6,1057.16,1305.01,223.4442513,6.573,3,151315
10239,1,2012-10-26,0,13,38512.48,69.16,3.506,2585.85,31.75,6,1057.16,1305.01,223.4442513,6.573,3,151315
