ID;Store;Date;IsHoliday;Dept;Weekly_Sales;Temperature;Fuel_Price;MarkDown1;MarkDown2;MarkDown3;MarkDown4;MarkDown5;CPI;Unemployment;Type;Size;Sales_Category;Profit_Estimate
7170;1;6/1/2012;0;17;8086,43;49,01;3,157;6277,39;21813,16;143,1;1450,13;8483;219,7142581;7,348;3;151315;Low;808,643
7180;1;6/1/2012;0;18;7018,32;49,01;3,157;6277,39;21813,16;143,1;1450,13;8483;219,7142581;7,348;3;151315;Low;701,832
7181;1;6/1/2012;0;19;607,22;49,01;3,157;6277,39;21813,16;143,1;1450,13;8483;219,7142581;7,348;3;151315;Low;60,722
7184;1;6/1/2012;0;12;7634,97;49,01;3,157;6277,39;21813,16;143,1;1450,13;8483;219,7142581;7,348;3;151315;Low;763,497
7192;1;6/1/2012;0;1;16567,69;49,01;3,157;6277,39;21813,16;143,1;1450,13;8483;219,7142581;7,348;3;151315;Low;1656,769
7195;1;6/1/2012;0;16;6258,08;49,01;3,157;6277,39;21813,16;143,1;1450,13;8483;219,7142581;7,348;3;151315;Low;625,808
7198;1;6/1/2012;0;7;12377,76;49,01;3,157;6277,39;21813,16;143,1;1450,13;8483;219,7142581;7,348;3;151315;Low;1237,776
7200;1;6/1/2012;0;4;40925,76;49,01;3,157;6277,39;21813,16;143,1;1450,13;8483;219,7142581;7,348;3;151315;High;4092,576
7203;1;6/1/2012;0;5;23105,81;49,01;3,157;6277,39;21813,16;143,1;1450,13;8483;219,7142581;7,348;3;151315;High;2310,581
7206;1;6/1/2012;0;11;25666,34;49,01;3,157;6277,39;21813,16;143,1;1450,13;8483;219,7142581;7,348;3;151315;High;2566,634
7207;1;6/1/2012;0;10;29927,33;49,01;3,157;6277,39;21813,16;143,1;1450,13;8483;219,7142581;7,348;3;151315;High;2992,733
7208;1;6/1/2012;0;8;36797;49,01;3,157;6277,39;21813,16;143,1;1450,13;8483;219,7142581;7,348;3;151315;High;3679,7
7211;1;6/1/2012;0;2;44481,38;49,01;3,157;6277,39;21813,16;143,1;1450,13;8483;219,7142581;7,348;3;151315;High;4448,138
7212;1;6/1/2012;0;20;3246,33;49,01;3,157;6277,39;21813,16;143,1;1450,13;8483;219,7142581;7,348;3;151315;Low;324,633
7214;1;6/1/2012;0;3;13926,04;49,01;3,157;6277,39;21813,16;143,1;1450,13;8483;219,7142581;7,348;3;151315;Low;1392,604
7215;1;6/1/2012;0;6;3665,25;49,01;3,157;6277,39;21813,16;143,1;1450,13;8483;219,7142581;7,348;3;151315;Low;366,525
7221;1;6/1/2012;0;14;14585,64;49,01;3,157;6277,39;21813,16;143,1;1450,13;8483;219,7142581;7,348;3;151315;Low;1458,564
7229;1;6/1/2012;0;13;41411,4;49,01;3,157;6277,39;21813,16;143,1;1450,13;8483;219,7142581;7,348;3;151315;High;4141,14
7236;1;6/1/2012;0;9;20705,21;49,01;3,157;6277,39;21813,16;143,1;1450,13;8483;219,7142581;7,348;3;151315;High;2070,521
7241;1;13/1/2012;0;1;16894,4;48,53;3,261;5183,29;8025,87;42,24;453,08;3719,38;219,8925263;7,348;3;151315;Low;1689,44
7246;1;13/1/2012;0;17;9454,17;48,53;3,261;5183,29;8025,87;42,24;453,08;3719,38;219,8925263;7,348;3;151315;Low;945,417
7247;1;13/1/2012;0;19;758,08;48,53;3,261;5183,29;8025,87;42,24;453,08;3719,38;219,8925263;7,348;3;151315;Low;75,808
7249;1;13/1/2012;0;4;36582,36;48,53;3,261;5183,29;8025,87;42,24;453,08;3719,38;219,8925263;7,348;3;151315;High;3658,236
7256;1;13/1/2012;0;18;1700,85;48,53;3,261;5183,29;8025,87;42,24;453,08;3719,38;219,8925263;7,348;3;151315;Low;170,085
7259;1;13/1/2012;0;11;24493,4;48,53;3,261;5183,29;8025,87;42,24;453,08;3719,38;219,8925263;7,348;3;151315;High;2449,34
7260;1;13/1/2012;0;7;9194,61;48,53;3,261;5183,29;8025,87;42,24;453,08;3719,38;219,8925263;7,348;3;151315;Low;919,461
7263;1;13/1/2012;0;10;23995,69;48,53;3,261;5183,29;8025,87;42,24;453,08;3719,38;219,8925263;7,348;3;151315;High;2399,569
7267;1;13/1/2012;0;2;43353,09;48,53;3,261;5183,29;8025,87;42,24;453,08;3719,38;219,8925263;7,348;3;151315;High;4335,309
7268;1;13/1/2012;0;8;34033,89;48,53;3,261;5183,29;8025,87;42,24;453,08;3719,38;219,8925263;7,348;3;151315;High;3403,389
7275;1;13/1/2012;0;12;8111,01;48,53;3,261;5183,29;8025,87;42,24;453,08;3719,38;219,8925263;7,348;3;151315;Low;811,101
7278;1;13/1/2012;0;16;5894,86;48,53;3,261;5183,29;8025,87;42,24;453,08;3719,38;219,8925263;7,348;3;151315;Low;589,486
7279;1;13/1/2012;0;14;14311,83;48,53;3,261;5183,29;8025,87;42,24;453,08;3719,38;219,8925263;7,348;3;151315;Low;1431,183
7281;1;13/1/2012;0;3;13822,49;48,53;3,261;5183,29;8025,87;42,24;453,08;3719,38;219,8925263;7,348;3;151315;Low;1382,249
7283;1;13/1/2012;0;13;38000,25;48,53;3,261;5183,29;8025,87;42,24;453,08;3719,38;219,8925263;7,348;3;151315;High;3800,025
7287;1;13/1/2012;0;20;4485,95;48,53;3,261;5183,29;8025,87;42,24;453,08;3719,38;219,8925263;7,348;3;151315;Low;448,595
7289;1;13/1/2012;0;5;19281,61;48,53;3,261;5183,29;8025,87;42,24;453,08;3719,38;219,8925263;7,348;3;151315;Low;1928,161
7297;1;13/1/2012;0;9;15416,12;48,53;3,261;5183,29;8025,87;42,24;453,08;3719,38;219,8925263;7,348;3;151315;Low;1541,612
7302;1;13/1/2012;0;6;2460,92;48,53;3,261;5183,29;8025,87;42,24;453,08;3719,38;219,8925263;7,348;3;151315;Low;246,092
7312;1;20/1/2012;0;1;18365,1;54,11;3,268;4139,87;2807,19;33,88;500,62;3400,21;219,9856893;7,348;3;151315;Low;1836,51
7315;1;20/1/2012;0;11;20707,62;54,11;3,268;4139,87;2807,19;33,88;500,62;3400,21;219,9856893;7,348;3;151315;High;2070,762
7317;1;20/1/2012;0;7;10189,61;54,11;3,268;4139,87;2807,19;33,88;500,62;3400,21;219,9856893;7,348;3;151315;Low;1018,961
7320;1;20/1/2012;0;2;43753,43;54,11;3,268;4139,87;2807,19;33,88;500,62;3400,21;219,9856893;7,348;3;151315;High;4375,343
7323;1;20/1/2012;0;12;9296,13;54,11;3,268;4139,87;2807,19;33,88;500,62;3400,21;219,9856893;7,348;3;151315;Low;929,613
7326;1;20/1/2012;0;17;7968,85;54,11;3,268;4139,87;2807,19;33,88;500,62;3400,21;219,9856893;7,348;3;151315;Low;796,885
7328;1;20/1/2012;0;18;1468,65;54,11;3,268;4139,87;2807,19;33,88;500,62;3400,21;219,9856893;7,348;3;151315;Low;146,865
7331;1;20/1/2012;0;8;35356,12;54,11;3,268;4139,87;2807,19;33,88;500,62;3400,21;219,9856893;7,348;3;151315;High;3535,612
7332;1;20/1/2012;0;19;714,21;54,11;3,268;4139,87;2807,19;33,88;500,62;3400,21;219,9856893;7,348;3;151315;Low;71,421
7342;1;20/1/2012;0;16;6400,8;54,11;3,268;4139,87;2807,19;33,88;500,62;3400,21;219,9856893;7,348;3;151315;Low;640,08
7348;1;20/1/2012;0;5;19298,42;54,11;3,268;4139,87;2807,19;33,88;500,62;3400,21;219,9856893;7,348;3;151315;Low;1929,842
7349;1;20/1/2012;0;4;33780,2;54,11;3,268;4139,87;2807,19;33,88;500,62;3400,21;219,9856893;7,348;3;151315;High;3378,02
7352;1;20/1/2012;0;10;25331,83;54,11;3,268;4139,87;2807,19;33,88;500,62;3400,21;219,9856893;7,348;3;151315;High;2533,183
7355;1;20/1/2012;0;3;11702,08;54,11;3,268;4139,87;2807,19;33,88;500,62;3400,21;219,9856893;7,348;3;151315;Low;1170,208
7356;1;20/1/2012;0;14;12695,7;54,11;3,268;4139,87;2807,19;33,88;500,62;3400,21;219,9856893;7,348;3;151315;Low;1269,57
7358;1;20/1/2012;0;13;37433,66;54,11;3,268;4139,87;2807,19;33,88;500,62;3400,21;219,9856893;7,348;3;151315;High;3743,366
7371;1;20/1/2012;0;6;2427,46;54,11;3,268;4139,87;2807,19;33,88;500,62;3400,21;219,9856893;7,348;3;151315;Low;242,746
7376;1;20/1/2012;0;20;3937,59;54,11;3,268;4139,87;2807,19;33,88;500,62;3400,21;219,9856893;7,348;3;151315;Low;393,759
7384;1;20/1/2012;0;9;13332,75;54,11;3,268;4139,87;2807,19;33,88;500,62;3400,21;219,9856893;7,348;3;151315;Low;1333,275
7385;1;27/1/2012;0;7;11228,15;54,26;3,29;1164,46;1082,74;44;11;1222,19;220,0788523;7,348;3;151315;Low;1122,815
7386;1;27/1/2012;0;1;18378,16;54,26;3,29;1164,46;1082,74;44;11;1222,19;220,0788523;7,348;3;151315;Low;1837,816
7388;1;27/1/2012;0;17;7237,41;54,26;3,29;1164,46;1082,74;44;11;1222,19;220,0788523;7,348;3;151315;Low;723,741
7389;1;27/1/2012;0;2;41556,23;54,26;3,29;1164,46;1082,74;44;11;1222,19;220,0788523;7,348;3;151315;High;4155,623
7391;1;27/1/2012;0;4;33613,91;54,26;3,29;1164,46;1082,74;44;11;1222,19;220,0788523;7,348;3;151315;High;3361,391
7392;1;27/1/2012;0;11;17860,35;54,26;3,29;1164,46;1082,74;44;11;1222,19;220,0788523;7,348;3;151315;Low;1786,035
7394;1;27/1/2012;0;12;8229,77;54,26;3,29;1164,46;1082,74;44;11;1222,19;220,0788523;7,348;3;151315;Low;822,977
7396;1;27/1/2012;0;18;1842,47;54,26;3,29;1164,46;1082,74;44;11;1222,19;220,0788523;7,348;3;151315;Low;184,247
7401;1;27/1/2012;0;19;720,98;54,26;3,29;1164,46;1082,74;44;11;1222,19;220,0788523;7,348;3;151315;Low;72,098
7406;1;27/1/2012;0;10;23650,22;54,26;3,29;1164,46;1082,74;44;11;1222,19;220,0788523;7,348;3;151315;High;2365,022
7408;1;27/1/2012;0;16;6108,82;54,26;3,29;1164,46;1082,74;44;11;1222,19;220,0788523;7,348;3;151315;Low;610,882
7409;1;27/1/2012;0;8;34644,25;54,26;3,29;1164,46;1082,74;44;11;1222,19;220,0788523;7,348;3;151315;High;3464,425
7413;1;27/1/2012;0;14;12684,05;54,26;3,29;1164,46;1082,74;44;11;1222,19;220,0788523;7,348;3;151315;Low;1268,405
7416;1;27/1/2012;0;5;21376,42;54,26;3,29;1164,46;1082,74;44;11;1222,19;220,0788523;7,348;3;151315;High;2137,642
7426;1;27/1/2012;0;3;10613,17;54,26;3,29;1164,46;1082,74;44;11;1222,19;220,0788523;7,348;3;151315;Low;1061,317
7435;1;27/1/2012;0;20;3364,8;54,26;3,29;1164,46;1082,74;44;11;1222,19;220,0788523;7,348;3;151315;Low;336,48
7438;1;27/1/2012;0;13;34312,26;54,26;3,29;1164,46;1082,74;44;11;1222,19;220,0788523;7,348;3;151315;High;3431,226
7439;1;27/1/2012;0;6;1649,4;54,26;3,29;1164,46;1082,74;44;11;1222,19;220,0788523;7,348;3;151315;Low;164,94
7448;1;27/1/2012;0;9;14728,57;54,26;3,29;1164,46;1082,74;44;11;1222,19;220,0788523;7,348;3;151315;Low;1472,857
7455;1;3/2/2012;0;17;8128,57;56,55;3,36;34577,06;3579,21;160,53;32403,87;5630,4;220,1720153;7,348;3;151315;Low;812,857
7456;1;3/2/2012;0;1;23510,49;56,55;3,36;34577,06;3579,21;160,53;32403,87;5630,4;220,1720153;7,348;3;151315;High;2351,049
7458;1;3/2/2012;0;11;22429,17;56,55;3,36;34577,06;3579,21;160,53;32403,87;5630,4;220,1720153;7,348;3;151315;High;2242,917
7461;1;3/2/2012;0;19;1175,9;56,55;3,36;34577,06;3579,21;160,53;32403,87;5630,4;220,1720153;7,348;3;151315;Low;117,59
7462;1;3/2/2012;0;18;3558,71;56,55;3,36;34577,06;3579,21;160,53;32403,87;5630,4;220,1720153;7,348;3;151315;Low;355,871
7463;1;3/2/2012;0;7;16556,71;56,55;3,36;34577,06;3579,21;160,53;32403,87;5630,4;220,1720153;7,348;3;151315;Low;1655,671
7468;1;3/2/2012;0;4;40274,83;56,55;3,36;34577,06;3579,21;160,53;32403,87;5630,4;220,1720153;7,348;3;151315;High;4027,483
7471;1;3/2/2012;0;16;9873,73;56,55;3,36;34577,06;3579,21;160,53;32403,87;5630,4;220,1720153;7,348;3;151315;Low;987,373
7472;1;3/2/2012;0;2;54322,24;56,55;3,36;34577,06;3579,21;160,53;32403,87;5630,4;220,1720153;7,348;3;151315;High;5432,224
7474;1;3/2/2012;0;10;33524,28;56,55;3,36;34577,06;3579,21;160,53;32403,87;5630,4;220,1720153;7,348;3;151315;High;3352,428
7479;1;3/2/2012;0;5;28307,43;56,55;3,36;34577,06;3579,21;160,53;32403,87;5630,4;220,1720153;7,348;3;151315;High;2830,743
7485;1;3/2/2012;0;12;9612,87;56,55;3,36;34577,06;3579,21;160,53;32403,87;5630,4;220,1720153;7,348;3;151315;Low;961,287
7487;1;3/2/2012;0;8;40069,47;56,55;3,36;34577,06;3579,21;160,53;32403,87;5630,4;220,1720153;7,348;3;151315;High;4006,947
7490;1;3/2/2012;0;14;15583,82;56,55;3,36;34577,06;3579,21;160,53;32403,87;5630,4;220,1720153;7,348;3;151315;Low;1558,382
7493;1;3/2/2012;0;3;12485,78;56,55;3,36;34577,06;3579,21;160,53;32403,87;5630,4;220,1720153;7,348;3;151315;Low;1248,578
7495;1;3/2/2012;0;13;43478,58;56,55;3,36;34577,06;3579,21;160,53;32403,87;5630,4;220,1720153;7,348;3;151315;High;4347,858
7509;1;3/2/2012;0;6;3981,09;56,55;3,36;34577,06;3579,21;160,53;32403,87;5630,4;220,1720153;7,348;3;151315;Low;398,109
7512;1;3/2/2012;0;20;4206,91;56,55;3,36;34577,06;3579,21;160,53;32403,87;5630,4;220,1720153;7,348;3;151315;Low;420,691
7523;1;3/2/2012;0;9;19427,31;56,55;3,36;34577,06;3579,21;160,53;32403,87;5630,4;220,1720153;7,348;3;151315;Low;1942,731
7601;1;17/2/2012;0;17;11684,73;45,32;3,51;9873,33;11062,27;9,8;8409,31;3402,66;220,4257586;7,348;3;151315;Low;1168,473
7604;1;17/2/2012;0;18;26992,11;45,32;3,51;9873,33;11062,27;9,8;8409,31;3402,66;220,4257586;7,348;3;151315;High;2699,211
7608;1;17/2/2012;0;19;762,59;45,32;3,51;9873,33;11062,27;9,8;8409,31;3402,66;220,4257586;7,348;3;151315;Low;76,259
7610;1;17/2/2012;0;12;9262,33;45,32;3,51;9873,33;11062,27;9,8;8409,31;3402,66;220,4257586;7,348;3;151315;Low;926,233
7611;1;17/2/2012;0;11;26269,87;45,32;3,51;9873,33;11062,27;9,8;8409,31;3402,66;220,4257586;7,348;3;151315;High;2626,987
7620;1;17/2/2012;0;13;38622,92;45,32;3,51;9873,33;11062,27;9,8;8409,31;3402,66;220,4257586;7,348;3;151315;High;3862,292
7623;1;17/2/2012;0;5;46219,96;45,32;3,51;9873,33;11062,27;9,8;8409,31;3402,66;220,4257586;7,348;3;151315;High;4621,996
7624;1;17/2/2012;0;4;36550,46;45,32;3,51;9873,33;11062,27;9,8;8409,31;3402,66;220,4257586;7,348;3;151315;High;3655,046
7632;1;17/2/2012;0;1;54060,1;45,32;3,51;9873,33;11062,27;9,8;8409,31;3402,66;220,4257586;7,348;3;151315;High;5406,01
7633;1;17/2/2012;0;20;5569,54;45,32;3,51;9873,33;11062,27;9,8;8409,31;3402,66;220,4257586;7,348;3;151315;Low;556,954
7637;1;17/2/2012;0;10;40409,5;45,32;3,51;9873,33;11062,27;9,8;8409,31;3402,66;220,4257586;7,348;3;151315;High;4040,95
7643;1;17/2/2012;0;16;12648,11;45,32;3,51;9873,33;11062,27;9,8;8409,31;3402,66;220,4257586;7,348;3;151315;Low;1264,811
7650;1;17/2/2012;0;14;21324,12;45,32;3,51;9873,33;11062,27;9,8;8409,31;3402,66;220,4257586;7,348;3;151315;High;2132,412
7654;1;17/2/2012;0;9;23867,82;45,32;3,51;9873,33;11062,27;9,8;8409,31;3402,66;220,4257586;7,348;3;151315;High;2386,782
7656;1;17/2/2012;0;8;37244,73;45,32;3,51;9873,33;11062,27;9,8;8409,31;3402,66;220,4257586;7,348;3;151315;High;3724,473
7657;1;17/2/2012;0;3;10237,78;45,32;3,51;9873,33;11062,27;9,8;8409,31;3402,66;220,4257586;7,348;3;151315;Low;1023,778
7667;1;17/2/2012;0;7;16849,62;45,32;3,51;9873,33;11062,27;9,8;8409,31;3402,66;220,4257586;7,348;3;151315;Low;1684,962
7670;1;17/2/2012;0;6;4223,42;45,32;3,51;9873,33;11062,27;9,8;8409,31;3402,66;220,4257586;7,348;3;151315;Low;422,342
7672;1;17/2/2012;0;2;46085,47;45,32;3,51;9873,33;11062,27;9,8;8409,31;3402,66;220,4257586;7,348;3;151315;High;4608,547
7677;1;24/2/2012;0;18;1973,92;57,25;3,555;9349,61;7556,01;3,2;1219,92;8143,59;220,636902;7,348;3;151315;Low;197,392
7681;1;24/2/2012;0;19;988,95;57,25;3,555;9349,61;7556,01;3,2;1219,92;8143,59;220,636902;7,348;3;151315;Low;98,895
7682;1;24/2/2012;0;20;4455,36;57,25;3,555;9349,61;7556,01;3,2;1219,92;8143,59;220,636902;7,348;3;151315;Low;445,536
7690;1;24/2/2012;0;5;30797,88;57,25;3,555;9349,61;7556,01;3,2;1219,92;8143,59;220,636902;7,348;3;151315;High;3079,788
7691;1;24/2/2012;0;17;9309,63;57,25;3,555;9349,61;7556,01;3,2;1219,92;8143,59;220,636902;7,348;3;151315;Low;930,963
7692;1;24/2/2012;0;3;10502,4;57,25;3,555;9349,61;7556,01;3,2;1219,92;8143,59;220,636902;7,348;3;151315;Low;1050,24
7696;1;24/2/2012;0;16;19874,3;57,25;3,555;9349,61;7556,01;3,2;1219,92;8143,59;220,636902;7,348;3;151315;Low;1987,43
7703;1;24/2/2012;0;1;20124,22;57,25;3,555;9349,61;7556,01;3,2;1219,92;8143,59;220,636902;7,348;3;151315;High;2012,422
7713;1;24/2/2012;0;12;11284,27;57,25;3,555;9349,61;7556,01;3,2;1219,92;8143,59;220,636902;7,348;3;151315;Low;1128,427
7718;1;24/2/2012;0;14;18574,25;57,25;3,555;9349,61;7556,01;3,2;1219,92;8143,59;220,636902;7,348;3;151315;Low;1857,425
7719;1;24/2/2012;0;11;21750,64;57,25;3,555;9349,61;7556,01;3,2;1219,92;8143,59;220,636902;7,348;3;151315;High;2175,064
7721;1;24/2/2012;0;6;3784,06;57,25;3,555;9349,61;7556,01;3,2;1219,92;8143,59;220,636902;7,348;3;151315;Low;378,406
7724;1;24/2/2012;0;13;40079,43;57,25;3,555;9349,61;7556,01;3,2;1219,92;8143,59;220,636902;7,348;3;151315;High;4007,943
7727;1;24/2/2012;0;10;37507,44;57,25;3,555;9349,61;7556,01;3,2;1219,92;8143,59;220,636902;7,348;3;151315;High;3750,744
7729;1;24/2/2012;0;8;37204,72;57,25;3,555;9349,61;7556,01;3,2;1219,92;8143,59;220,636902;7,348;3;151315;High;3720,472
7732;1;24/2/2012;0;7;15956,87;57,25;3,555;9349,61;7556,01;3,2;1219,92;8143,59;220,636902;7,348;3;151315;Low;1595,687
7738;1;24/2/2012;0;4;34953,85;57,25;3,555;9349,61;7556,01;3,2;1219,92;8143,59;220,636902;7,348;3;151315;High;3495,385
7739;1;24/2/2012;0;9;25957,89;57,25;3,555;9349,61;7556,01;3,2;1219,92;8143,59;220,636902;7,348;3;151315;High;2595,789
7744;1;24/2/2012;0;2;47080,12;57,25;3,555;9349,61;7556,01;3,2;1219,92;8143,59;220,636902;7,348;3;151315;High;4708,012
7749;1;2/3/2012;0;19;761,16;60,96;3,63;15441,4;1569;10,8;25390,88;8067,61;220,8480454;7,348;3;151315;Low;76,116
7750;1;2/3/2012;0;3;11387,31;60,96;3,63;15441,4;1569;10,8;25390,88;8067,61;220,8480454;7,348;3;151315;Low;1138,731
7752;1;2/3/2012;0;16;30451,14;60,96;3,63;15441,4;1569;10,8;25390,88;8067,61;220,8480454;7,348;3;151315;High;3045,114
7753;1;2/3/2012;0;14;19412,26;60,96;3,63;15441,4;1569;10,8;25390,88;8067,61;220,8480454;7,348;3;151315;Low;1941,226
7757;1;2/3/2012;0;5;30642,53;60,96;3,63;15441,4;1569;10,8;25390,88;8067,61;220,8480454;7,348;3;151315;High;3064,253
7761;1;2/3/2012;0;18;1316,04;60,96;3,63;15441,4;1569;10,8;25390,88;8067,61;220,8480454;7,348;3;151315;Low;131,604
7769;1;2/3/2012;0;17;11187,42;60,96;3,63;15441,4;1569;10,8;25390,88;8067,61;220,8480454;7,348;3;151315;Low;1118,742
7777;1;2/3/2012;0;20;5446,7;60,96;3,63;15441,4;1569;10,8;25390,88;8067,61;220,8480454;7,348;3;151315;Low;544,67
7781;1;2/3/2012;0;12;11994,48;60,96;3,63;15441,4;1569;10,8;25390,88;8067,61;220,8480454;7,348;3;151315;Low;1199,448
7784;1;2/3/2012;0;8;40307,19;60,96;3,63;15441,4;1569;10,8;25390,88;8067,61;220,8480454;7,348;3;151315;High;4030,719
7785;1;2/3/2012;0;1;20113,03;60,96;3,63;15441,4;1569;10,8;25390,88;8067,61;220,8480454;7,348;3;151315;High;2011,303
7787;1;2/3/2012;0;4;38459,98;60,96;3,63;15441,4;1569;10,8;25390,88;8067,61;220,8480454;7,348;3;151315;High;3845,998
7789;1;2/3/2012;0;6;6464,52;60,96;3,63;15441,4;1569;10,8;25390,88;8067,61;220,8480454;7,348;3;151315;Low;646,452
7799;1;2/3/2012;0;7;16473,91;60,96;3,63;15441,4;1569;10,8;25390,88;8067,61;220,8480454;7,348;3;151315;Low;1647,391
7804;1;2/3/2012;0;13;44565,32;60,96;3,63;15441,4;1569;10,8;25390,88;8067,61;220,8480454;7,348;3;151315;High;4456,532
7806;1;2/3/2012;0;9;30503,3;60,96;3,63;15441,4;1569;10,8;25390,88;8067,61;220,8480454;7,348;3;151315;High;3050,33
7807;1;2/3/2012;0;11;23286,46;60,96;3,63;15441,4;1569;10,8;25390,88;8067,61;220,8480454;7,348;3;151315;High;2328,646
7814;1;2/3/2012;0;2;52608,51;60,96;3,63;15441,4;1569;10,8;25390,88;8067,61;220,8480454;7,348;3;151315;High;5260,851
7816;1;2/3/2012;0;10;39036,14;60,96;3,63;15441,4;1569;10,8;25390,88;8067,61;220,8480454;7,348;3;151315;High;3903,614
7818;1;9/3/2012;0;1;21140,07;58,76;3,669;10331,04;151,88;6;671,43;5509,84;221,0591887;7,348;3;151315;High;2114,007
7822;1;9/3/2012;0;5;25492,21;58,76;3,669;10331,04;151,88;6;671,43;5509,84;221,0591887;7,348;3;151315;High;2549,221
7825;1;9/3/2012;0;12;11947,03;58,76;3,669;10331,04;151,88;6;671,43;5509,84;221,0591887;7,348;3;151315;Low;1194,703
7828;1;9/3/2012;0;8;36553,82;58,76;3,669;10331,04;151,88;6;671,43;5509,84;221,0591887;7,348;3;151315;High;3655,382
7829;1;9/3/2012;0;14;16528,29;58,76;3,669;10331,04;151,88;6;671,43;5509,84;221,0591887;7,348;3;151315;Low;1652,829
7834;1;9/3/2012;0;13;40001,72;58,76;3,669;10331,04;151,88;6;671,43;5509,84;221,0591887;7,348;3;151315;High;4000,172
7837;1;9/3/2012;0;17;11553,98;58,76;3,669;10331,04;151,88;6;671,43;5509,84;221,0591887;7,348;3;151315;Low;1155,398
7843;1;9/3/2012;0;6;4183,3;58,76;3,669;10331,04;151,88;6;671,43;5509,84;221,0591887;7,348;3;151315;Low;418,33
7844;1;9/3/2012;0;11;23169,16;58,76;3,669;10331,04;151,88;6;671,43;5509,84;221,0591887;7,348;3;151315;High;2316,916
7846;1;9/3/2012;0;20;7272,2;58,76;3,669;10331,04;151,88;6;671,43;5509,84;221,0591887;7,348;3;151315;Low;727,22
7847;1;9/3/2012;0;16;32633,81;58,76;3,669;10331,04;151,88;6;671,43;5509,84;221,0591887;7,348;3;151315;High;3263,381
7850;1;9/3/2012;0;18;1126,04;58,76;3,669;10331,04;151,88;6;671,43;5509,84;221,0591887;7,348;3;151315;Low;112,604
7854;1;9/3/2012;0;4;38934,77;58,76;3,669;10331,04;151,88;6;671,43;5509,84;221,0591887;7,348;3;151315;High;3893,477
7858;1;9/3/2012;0;3;11925,71;58,76;3,669;10331,04;151,88;6;671,43;5509,84;221,0591887;7,348;3;151315;Low;1192,571
7863;1;9/3/2012;0;10;34858,03;58,76;3,669;10331,04;151,88;6;671,43;5509,84;221,0591887;7,348;3;151315;High;3485,803
7866;1;9/3/2012;0;19;1514,62;58,76;3,669;10331,04;151,88;6;671,43;5509,84;221,0591887;7,348;3;151315;Low;151,462
7869;1;9/3/2012;0;9;28291,68;58,76;3,669;10331,04;151,88;6;671,43;5509,84;221,0591887;7,348;3;151315;High;2829,168
7873;1;9/3/2012;0;2;48563,69;58,76;3,669;10331,04;151,88;6;671,43;5509,84;221,0591887;7,348;3;151315;High;4856,369
7883;1;9/3/2012;0;7;17500,24;58,76;3,669;10331,04;151,88;6;671,43;5509,84;221,0591887;7,348;3;151315;Low;1750,024
7893;1;16/3/2012;0;4;38125,32;64,74;3,734;4298,16;7,5;2,02;2724,65;2017,69;221,2118132;7,348;3;151315;High;3812,532
7894;1;16/3/2012;0;17;8523,56;64,74;3,734;4298,16;7,5;2,02;2724,65;2017,69;221,2118132;7,348;3;151315;Low;852,356
7896;1;16/3/2012;0;1;22366,88;64,74;3,734;4298,16;7,5;2,02;2724,65;2017,69;221,2118132;7,348;3;151315;High;2236,688
7900;1;16/3/2012;0;12;12178,8;64,74;3,734;4298,16;7,5;2,02;2724,65;2017,69;221,2118132;7,348;3;151315;Low;1217,88
7902;1;16/3/2012;0;16;44960,02;64,74;3,734;4298,16;7,5;2,02;2724,65;2017,69;221,2118132;7,348;3;151315;High;4496,002
7904;1;16/3/2012;0;13;38322,83;64,74;3,734;4298,16;7,5;2,02;2724,65;2017,69;221,2118132;7,348;3;151315;High;3832,283
7906;1;16/3/2012;0;8;36141,27;64,74;3,734;4298,16;7,5;2,02;2724,65;2017,69;221,2118132;7,348;3;151315;High;3614,127
7908;1;16/3/2012;0;18;1630,41;64,74;3,734;4298,16;7,5;2,02;2724,65;2017,69;221,2118132;7,348;3;151315;Low;163,041
7909;1;16/3/2012;0;5;29345,72;64,74;3,734;4298,16;7,5;2,02;2724,65;2017,69;221,2118132;7,348;3;151315;High;2934,572
7912;1;16/3/2012;0;2;47346,32;64,74;3,734;4298,16;7,5;2,02;2724,65;2017,69;221,2118132;7,348;3;151315;High;4734,632
7921;1;16/3/2012;0;3;8845,73;64,74;3,734;4298,16;7,5;2,02;2724,65;2017,69;221,2118132;7,348;3;151315;Low;884,573
7931;1;16/3/2012;0;11;24841,76;64,74;3,734;4298,16;7,5;2,02;2724,65;2017,69;221,2118132;7,348;3;151315;High;2484,176
7933;1;16/3/2012;0;19;1273,4;64,74;3,734;4298,16;7,5;2,02;2724,65;2017,69;221,2118132;7,348;3;151315;Low;127,34
7934;1;16/3/2012;0;14;12757,86;64,74;3,734;4298,16;7,5;2,02;2724,65;2017,69;221,2118132;7,348;3;151315;Low;1275,786
7935;1;16/3/2012;0;9;37941,84;64,74;3,734;4298,16;7,5;2,02;2724,65;2017,69;221,2118132;7,348;3;151315;High;3794,184
7943;1;16/3/2012;0;6;3905,72;64,74;3,734;4298,16;7,5;2,02;2724,65;2017,69;221,2118132;7,348;3;151315;Low;390,572
7944;1;16/3/2012;0;7;20690,01;64,74;3,734;4298,16;7,5;2,02;2724,65;2017,69;221,2118132;7,348;3;151315;High;2069,001
7947;1;16/3/2012;0;20;5040,41;64,74;3,734;4298,16;7,5;2,02;2724,65;2017,69;221,2118132;7,348;3;151315;Low;504,041
7958;1;16/3/2012;0;10;33405,1;64,74;3,734;4298,16;7,5;2,02;2724,65;2017,69;221,2118132;7,348;3;151315;High;3340,51
7962;1;23/3/2012;0;4;36586,52;65,93;3,787;6118,56;9,48;4,97;426,72;3657,22;221,2864126;7,348;3;151315;High;3658,652
7965;1;23/3/2012;0;2;44796,03;65,93;3,787;6118,56;9,48;4,97;426,72;3657,22;221,2864126;7,348;3;151315;High;4479,603
7972;1;23/3/2012;0;12;11448,84;65,93;3,787;6118,56;9,48;4,97;426,72;3657,22;221,2864126;7,348;3;151315;Low;1144,884
7975;1;23/3/2012;0;13;37801,64;65,93;3,787;6118,56;9,48;4,97;426,72;3657,22;221,2864126;7,348;3;151315;High;3780,164
7980;1;23/3/2012;0;1;22107,7;65,93;3,787;6118,56;9,48;4,97;426,72;3657,22;221,2864126;7,348;3;151315;High;2210,77
7981;1;23/3/2012;0;3;7910,22;65,93;3,787;6118,56;9,48;4,97;426,72;3657,22;221,2864126;7,348;3;151315;Low;791,022
7982;1;23/3/2012;0;16;45184,22;65,93;3,787;6118,56;9,48;4,97;426,72;3657,22;221,2864126;7,348;3;151315;High;4518,422
7984;1;23/3/2012;0;10;33327,09;65,93;3,787;6118,56;9,48;4,97;426,72;3657,22;221,2864126;7,348;3;151315;High;3332,709
7986;1;23/3/2012;0;8;33758,45;65,93;3,787;6118,56;9,48;4,97;426,72;3657,22;221,2864126;7,348;3;151315;High;3375,845
7989;1;23/3/2012;0;5;25442,13;65,93;3,787;6118,56;9,48;4,97;426,72;3657,22;221,2864126;7,348;3;151315;High;2544,213
7994;1;23/3/2012;0;14;12771,12;65,93;3,787;6118,56;9,48;4,97;426,72;3657,22;221,2864126;7,348;3;151315;Low;1277,112
7998;1;23/3/2012;0;17;7456,66;65,93;3,787;6118,56;9,48;4,97;426,72;3657,22;221,2864126;7,348;3;151315;Low;745,666
7999;1;23/3/2012;0;18;2280,34;65,93;3,787;6118,56;9,48;4,97;426,72;3657,22;221,2864126;7,348;3;151315;Low;228,034
8003;1;23/3/2012;0;11;24350,67;65,93;3,787;6118,56;9,48;4,97;426,72;3657,22;221,2864126;7,348;3;151315;High;2435,067
8009;1;23/3/2012;0;19;1057,43;65,93;3,787;6118,56;9,48;4,97;426,72;3657,22;221,2864126;7,348;3;151315;Low;105,743
8012;1;23/3/2012;0;6;2856,83;65,93;3,787;6118,56;9,48;4,97;426,72;3657,22;221,2864126;7,348;3;151315;Low;285,683
8021;1;23/3/2012;0;9;33541,36;65,93;3,787;6118,56;9,48;4,97;426,72;3657,22;221,2864126;7,348;3;151315;High;3354,136
8022;1;23/3/2012;0;20;3909,02;65,93;3,787;6118,56;9,48;4,97;426,72;3657,22;221,2864126;7,348;3;151315;Low;390,902
8025;1;23/3/2012;0;7;15628,59;65,93;3,787;6118,56;9,48;4,97;426,72;3657,22;221,2864126;7,348;3;151315;Low;1562,859
8031;1;30/3/2012;0;4;37718,51;67,61;3,845;10309,58;0,5;10,25;1654,17;2642,78;221,3610119;7,348;3;151315;High;3771,851
8044;1;30/3/2012;0;12;12109,21;67,61;3,845;10309,58;0,5;10,25;1654,17;2642,78;221,3610119;7,348;3;151315;Low;1210,921
8046;1;30/3/2012;0;5;22392,09;67,61;3,845;10309,58;0,5;10,25;1654,17;2642,78;221,3610119;7,348;3;151315;High;2239,209
8050;1;30/3/2012;0;2;46529,68;67,61;3,845;10309,58;0,5;10,25;1654,17;2642,78;221,3610119;7,348;3;151315;High;4652,968
8051;1;30/3/2012;0;8;37745,71;67,61;3,845;10309,58;0,5;10,25;1654,17;2642,78;221,3610119;7,348;3;151315;High;3774,571
8053;1;30/3/2012;0;3;9129,23;67,61;3,845;10309,58;0,5;10,25;1654,17;2642,78;221,3610119;7,348;3;151315;Low;912,923
8054;1;30/3/2012;0;13;38696,88;67,61;3,845;10309,58;0,5;10,25;1654,17;2642,78;221,3610119;7,348;3;151315;High;3869,688
8057;1;30/3/2012;0;1;28952,86;67,61;3,845;10309,58;0,5;10,25;1654,17;2642,78;221,3610119;7,348;3;151315;High;2895,286
8059;1;30/3/2012;0;10;43718,05;67,61;3,845;10309,58;0,5;10,25;1654,17;2642,78;221,3610119;7,348;3;151315;High;4371,805
8062;1;30/3/2012;0;17;8433,01;67,61;3,845;10309,58;0,5;10,25;1654,17;2642,78;221,3610119;7,348;3;151315;Low;843,301
8065;1;30/3/2012;0;18;3667,66;67,61;3,845;10309,58;0,5;10,25;1654,17;2642,78;221,3610119;7,348;3;151315;Low;366,766
8073;1;30/3/2012;0;6;4540,27;67,61;3,845;10309,58;0,5;10,25;1654,17;2642,78;221,3610119;7,348;3;151315;Low;454,027
8079;1;30/3/2012;0;14;14690,27;67,61;3,845;10309,58;0,5;10,25;1654,17;2642,78;221,3610119;7,348;3;151315;Low;1469,027
8080;1;30/3/2012;0;19;973,05;67,61;3,845;10309,58;0,5;10,25;1654,17;2642,78;221,3610119;7,348;3;151315;Low;97,305
8083;1;30/3/2012;0;9;50382,47;67,61;3,845;10309,58;0,5;10,25;1654,17;2642,78;221,3610119;7,348;3;151315;High;5038,247
8088;1;30/3/2012;0;20;5264,6;67,61;3,845;10309,58;0,5;10,25;1654,17;2642,78;221,3610119;7,348;3;151315;Low;526,46
8089;1;30/3/2012;0;16;55275,59;67,61;3,845;10309,58;0,5;10,25;1654,17;2642,78;221,3610119;7,348;3;151315;High;5527,559
8090;1;30/3/2012;0;7;18684;67,61;3,845;10309,58;0,5;10,25;1654,17;2642,78;221,3610119;7,348;3;151315;Low;1868,4
8100;1;30/3/2012;0;11;25231,25;67,61;3,845;10309,58;0,5;10,25;1654,17;2642,78;221,3610119;7,348;3;151315;High;2523,125
8102;1;6/4/2012;0;4;42060,21;70,43;3,891;10121,97;0;77,98;3750,59;4510,72;221,4356112;7,143;3;151315;High;4206,021
8110;1;6/4/2012;0;12;10747,37;70,43;3,891;10121,97;0;77,98;3750,59;4510,72;221,4356112;7,143;3;151315;Low;1074,737
8115;1;6/4/2012;0;1;57592,12;70,43;3,891;10121,97;0;77,98;3750,59;4510,72;221,4356112;7,143;3;151315;High;5759,212
8116;1;6/4/2012;0;2;51805,88;70,43;3,891;10121,97;0;77,98;3750,59;4510,72;221,4356112;7,143;3;151315;High;5180,588
8120;1;6/4/2012;0;3;9335,24;70,43;3,891;10121,97;0;77,98;3750,59;4510,72;221,4356112;7,143;3;151315;Low;933,524
8123;1;6/4/2012;0;5;28386,81;70,43;3,891;10121,97;0;77,98;3750,59;4510,72;221,4356112;7,143;3;151315;High;2838,681
8125;1;6/4/2012;0;8;41917,56;70,43;3,891;10121,97;0;77,98;3750,59;4510,72;221,4356112;7,143;3;151315;High;4191,756
8126;1;6/4/2012;0;10;36666,29;70,43;3,891;10121,97;0;77,98;3750,59;4510,72;221,4356112;7,143;3;151315;High;3666,629
8133;1;6/4/2012;0;16;59512,97;70,43;3,891;10121,97;0;77,98;3750,59;4510,72;221,4356112;7,143;3;151315;High;5951,297
8134;1;6/4/2012;0;17;8662,4;70,43;3,891;10121,97;0;77,98;3750,59;4510,72;221,4356112;7,143;3;151315;Low;866,24
8135;1;6/4/2012;0;13;44270,3;70,43;3,891;10121,97;0;77,98;3750,59;4510,72;221,4356112;7,143;3;151315;High;4427,03
8141;1;6/4/2012;0;6;4764,43;70,43;3,891;10121,97;0;77,98;3750,59;4510,72;221,4356112;7,143;3;151315;Low;476,443
8143;1;6/4/2012;0;14;15652,72;70,43;3,891;10121,97;0;77,98;3750,59;4510,72;221,4356112;7,143;3;151315;Low;1565,272
8150;1;6/4/2012;0;20;3868,02;70,43;3,891;10121,97;0;77,98;3750,59;4510,72;221,4356112;7,143;3;151315;Low;386,802
8155;1;6/4/2012;0;9;41235,34;70,43;3,891;10121,97;0;77,98;3750,59;4510,72;221,4356112;7,143;3;151315;High;4123,534
8159;1;6/4/2012;0;11;28971,93;70,43;3,891;10121,97;0;77,98;3750,59;4510,72;221,4356112;7,143;3;151315;High;2897,193
8161;1;6/4/2012;0;7;27171,41;70,43;3,891;10121,97;0;77,98;3750,59;4510,72;221,4356112;7,143;3;151315;High;2717,141
8162;1;6/4/2012;0;18;14283,73;70,43;3,891;10121,97;0;77,98;3750,59;4510,72;221,4356112;7,143;3;151315;Low;1428,373
8166;1;6/4/2012;0;19;875,56;70,43;3,891;10121,97;0;77,98;3750,59;4510,72;221,4356112;7,143;3;151315;Low;87,556
8177;1;13/4/2012;0;4;37449,26;69,07;3,891;6186,19;3288,69;17,07;1822,55;1063,78;221,5102105;7,143;3;151315;High;3744,926
8183;1;13/4/2012;0;12;10565,39;69,07;3,891;6186,19;3288,69;17,07;1822,55;1063,78;221,5102105;7,143;3;151315;Low;1056,539
8185;1;13/4/2012;0;1;34684,21;69,07;3,891;6186,19;3288,69;17,07;1822,55;1063,78;221,5102105;7,143;3;151315;High;3468,421
8187;1;13/4/2012;0;18;5136,25;69,07;3,891;6186,19;3288,69;17,07;1822,55;1063,78;221,5102105;7,143;3;151315;Low;513,625
8188;1;13/4/2012;0;2;43991,18;69,07;3,891;6186,19;3288,69;17,07;1822,55;1063,78;221,5102105;7,143;3;151315;High;4399,118
8191;1;13/4/2012;0;8;37295,29;69,07;3,891;6186,19;3288,69;17,07;1822,55;1063,78;221,5102105;7,143;3;151315;High;3729,529
8197;1;13/4/2012;0;5;18458,33;69,07;3,891;6186,19;3288,69;17,07;1822,55;1063,78;221,5102105;7,143;3;151315;Low;1845,833
8201;1;13/4/2012;0;16;55347,73;69,07;3,891;6186,19;3288,69;17,07;1822,55;1063,78;221,5102105;7,143;3;151315;High;5534,773
8202;1;13/4/2012;0;13;39099,61;69,07;3,891;6186,19;3288,69;17,07;1822,55;1063,78;221,5102105;7,143;3;151315;High;3909,961
8207;1;13/4/2012;0;3;7927,73;69,07;3,891;6186,19;3288,69;17,07;1822,55;1063,78;221,5102105;7,143;3;151315;Low;792,773
8210;1;13/4/2012;0;14;14933,13;69,07;3,891;6186,19;3288,69;17,07;1822,55;1063,78;221,5102105;7,143;3;151315;Low;1493,313
8211;1;13/4/2012;0;17;6936,35;69,07;3,891;6186,19;3288,69;17,07;1822,55;1063,78;221,5102105;7,143;3;151315;Low;693,635
8213;1;13/4/2012;0;9;33136,94;69,07;3,891;6186,19;3288,69;17,07;1822,55;1063,78;221,5102105;7,143;3;151315;High;3313,694
8218;1;13/4/2012;0;10;29709,53;69,07;3,891;6186,19;3288,69;17,07;1822,55;1063,78;221,5102105;7,143;3;151315;High;2970,953
8220;1;13/4/2012;0;6;4500,12;69,07;3,891;6186,19;3288,69;17,07;1822,55;1063,78;221,5102105;7,143;3;151315;Low;450,012
8222;1;13/4/2012;0;11;21874,45;69,07;3,891;6186,19;3288,69;17,07;1822,55;1063,78;221,5102105;7,143;3;151315;High;2187,445
8234;1;13/4/2012;0;20;3449,45;69,07;3,891;6186,19;3288,69;17,07;1822,55;1063,78;221,5102105;7,143;3;151315;Low;344,945
8239;1;13/4/2012;0;7;21302,3;69,07;3,891;6186,19;3288,69;17,07;1822,55;1063,78;221,5102105;7,143;3;151315;High;2130,23
8243;1;13/4/2012;0;19;753,73;69,07;3,891;6186,19;3288,69;17,07;1822,55;1063,78;221,5102105;7,143;3;151315;Low;75,373
8247;1;20/4/2012;0;4;36350,03;66,76;3,877;2230,8;612,02;19,75;275,13;5747,1;221,5640737;7,143;3;151315;High;3635,003
8257;1;20/4/2012;0;12;11730,26;66,76;3,877;2230,8;612,02;19,75;275,13;5747,1;221,5640737;7,143;3;151315;Low;1173,026
8258;1;20/4/2012;0;8;36930,94;66,76;3,877;2230,8;612,02;19,75;275,13;5747,1;221,5640737;7,143;3;151315;High;3693,094
8262;1;20/4/2012;0;20;4246,85;66,76;3,877;2230,8;612,02;19,75;275,13;5747,1;221,5640737;7,143;3;151315;Low;424,685
8265;1;20/4/2012;0;3;8647,36;66,76;3,877;2230,8;612,02;19,75;275,13;5747,1;221,5640737;7,143;3;151315;Low;864,736
8268;1;20/4/2012;0;5;16645,01;66,76;3,877;2230,8;612,02;19,75;275,13;5747,1;221,5640737;7,143;3;151315;Low;1664,501
8271;1;20/4/2012;0;16;42816,54;66,76;3,877;2230,8;612,02;19,75;275,13;5747,1;221,5640737;7,143;3;151315;High;4281,654
8278;1;20/4/2012;0;1;16976,19;66,76;3,877;2230,8;612,02;19,75;275,13;5747,1;221,5640737;7,143;3;151315;Low;1697,619
8280;1;20/4/2012;0;18;61,56;66,76;3,877;2230,8;612,02;19,75;275,13;5747,1;221,5640737;7,143;3;151315;Low;6,156
8281;1;20/4/2012;0;9;28111,87;66,76;3,877;2230,8;612,02;19,75;275,13;5747,1;221,5640737;7,143;3;151315;High;2811,187
8282;1;20/4/2012;0;14;13575,69;66,76;3,877;2230,8;612,02;19,75;275,13;5747,1;221,5640737;7,143;3;151315;Low;1357,569
8283;1;20/4/2012;0;13;39499,85;66,76;3,877;2230,8;612,02;19,75;275,13;5747,1;221,5640737;7,143;3;151315;High;3949,985
8284;1;20/4/2012;0;17;8559,84;66,76;3,877;2230,8;612,02;19,75;275,13;5747,1;221,5640737;7,143;3;151315;Low;855,984
8285;1;20/4/2012;0;10;30838,26;66,76;3,877;2230,8;612,02;19,75;275,13;5747,1;221,5640737;7,143;3;151315;High;3083,826
8288;1;20/4/2012;0;6;2988,96;66,76;3,877;2230,8;612,02;19,75;275,13;5747,1;221,5640737;7,143;3;151315;Low;298,896
8291;1;20/4/2012;0;7;19056,92;66,76;3,877;2230,8;612,02;19,75;275,13;5747,1;221,5640737;7,143;3;151315;Low;1905,692
8302;1;20/4/2012;0;11;21787,83;66,76;3,877;2230,8;612,02;19,75;275,13;5747,1;221,5640737;7,143;3;151315;High;2178,783
8303;1;20/4/2012;0;19;1162,5;66,76;3,877;2230,8;612,02;19,75;275,13;5747,1;221,5640737;7,143;3;151315;Low;116,25
8311;1;20/4/2012;0;2;45561,85;66,76;3,877;2230,8;612,02;19,75;275,13;5747,1;221,5640737;7,143;3;151315;High;4556,185
8320;1;27/4/2012;0;12;11746,83;67,23;3,814;3221,25;0;35,49;577,14;6222,25;221,6179368;7,143;3;151315;Low;1174,683
8330;1;27/4/2012;0;17;7868,25;67,23;3,814;3221,25;0;35,49;577,14;6222,25;221,6179368;7,143;3;151315;Low;786,825
8331;1;27/4/2012;0;1;16347,6;67,23;3,814;3221,25;0;35,49;577,14;6222,25;221,6179368;7,143;3;151315;Low;1634,76
8333;1;27/4/2012;0;6;3319,32;67,23;3,814;3221,25;0;35,49;577,14;6222,25;221,6179368;7,143;3;151315;Low;331,932
8336;1;27/4/2012;0;3;8635,62;67,23;3,814;3221,25;0;35,49;577,14;6222,25;221,6179368;7,143;3;151315;Low;863,562
8337;1;27/4/2012;0;5;17170,39;67,23;3,814;3221,25;0;35,49;577,14;6222,25;221,6179368;7,143;3;151315;Low;1717,039
8340;1;27/4/2012;0;10;29433,27;67,23;3,814;3221,25;0;35,49;577,14;6222,25;221,6179368;7,143;3;151315;High;2943,327
8344;1;27/4/2012;0;18;4,68;67,23;3,814;3221,25;0;35,49;577,14;6222,25;221,6179368;7,143;3;151315;Low;0,468
8346;1;27/4/2012;0;7;18704,53;67,23;3,814;3221,25;0;35,49;577,14;6222,25;221,6179368;7,143;3;151315;Low;1870,453
8347;1;27/4/2012;0;9;30359,94;67,23;3,814;3221,25;0;35,49;577,14;6222,25;221,6179368;7,143;3;151315;High;3035,994
8350;1;27/4/2012;0;14;14904,8;67,23;3,814;3221,25;0;35,49;577,14;6222,25;221,6179368;7,143;3;151315;Low;1490,48
8354;1;27/4/2012;0;20;4844,73;67,23;3,814;3221,25;0;35,49;577,14;6222,25;221,6179368;7,143;3;151315;Low;484,473
8355;1;27/4/2012;0;8;38531,76;67,23;3,814;3221,25;0;35,49;577,14;6222,25;221,6179368;7,143;3;151315;High;3853,176
8357;1;27/4/2012;0;11;20710,01;67,23;3,814;3221,25;0;35,49;577,14;6222,25;221,6179368;7,143;3;151315;High;2071,001
8362;1;27/4/2012;0;2;45456,23;67,23;3,814;3221,25;0;35,49;577,14;6222,25;221,6179368;7,143;3;151315;High;4545,623
8365;1;27/4/2012;0;16;41926,36;67,23;3,814;3221,25;0;35,49;577,14;6222,25;221,6179368;7,143;3;151315;High;4192,636
8369;1;27/4/2012;0;4;36894,54;67,23;3,814;3221,25;0;35,49;577,14;6222,25;221,6179368;7,143;3;151315;High;3689,454
8372;1;27/4/2012;0;19;524,17;67,23;3,814;3221,25;0;35,49;577,14;6222,25;221,6179368;7,143;3;151315;Low;52,417
8374;1;27/4/2012;0;13;39077,84;67,23;3,814;3221,25;0;35,49;577,14;6222,25;221,6179368;7,143;3;151315;High;3907,784
8387;1;4/5/2012;0;12;12338,08;75,55;3,749;21290,13;0;69,89;4977,35;3261,04;221,6718;7,143;3;151315;Low;1233,808
8396;1;4/5/2012;0;18;-1,27;75,55;3,749;21290,13;0;69,89;4977,35;3261,04;221,6718;7,143;3;151315;Low;0
8398;1;4/5/2012;0;20;4647,31;75,55;3,749;21290,13;0;69,89;4977,35;3261,04;221,6718;7,143;3;151315;Low;464,731
8399;1;4/5/2012;0;1;17147,44;75,55;3,749;21290,13;0;69,89;4977,35;3261,04;221,6718;7,143;3;151315;Low;1714,744
8406;1;4/5/2012;0;6;4658,18;75,55;3,749;21290,13;0;69,89;4977,35;3261,04;221,6718;7,143;3;151315;Low;465,818
8410;1;4/5/2012;0;10;35800,66;75,55;3,749;21290,13;0;69,89;4977,35;3261,04;221,6718;7,143;3;151315;High;3580,066
8416;1;4/5/2012;0;9;31552,3;75,55;3,749;21290,13;0;69,89;4977,35;3261,04;221,6718;7,143;3;151315;High;3155,23
8418;1;4/5/2012;0;11;31670,38;75,55;3,749;21290,13;0;69,89;4977,35;3261,04;221,6718;7,143;3;151315;High;3167,038
8421;1;4/5/2012;0;8;41589,1;75,55;3,749;21290,13;0;69,89;4977,35;3261,04;221,6718;7,143;3;151315;High;4158,91
8423;1;4/5/2012;0;16;43970,7;75,55;3,749;21290,13;0;69,89;4977,35;3261,04;221,6718;7,143;3;151315;High;4397,07
8426;1;4/5/2012;0;17;9064,6;75,55;3,749;21290,13;0;69,89;4977,35;3261,04;221,6718;7,143;3;151315;Low;906,46
8429;1;4/5/2012;0;4;41897,55;75,55;3,749;21290,13;0;69,89;4977,35;3261,04;221,6718;7,143;3;151315;High;4189,755
8430;1;4/5/2012;0;2;50501,3;75,55;3,749;21290,13;0;69,89;4977,35;3261,04;221,6718;7,143;3;151315;High;5050,13
8431;1;4/5/2012;0;14;16193,63;75,55;3,749;21290,13;0;69,89;4977,35;3261,04;221,6718;7,143;3;151315;Low;1619,363
8437;1;4/5/2012;0;5;18953,07;75,55;3,749;21290,13;0;69,89;4977,35;3261,04;221,6718;7,143;3;151315;Low;1895,307
8442;1;4/5/2012;0;19;1155,4;75,55;3,749;21290,13;0;69,89;4977,35;3261,04;221,6718;7,143;3;151315;Low;115,54
8450;1;4/5/2012;0;7;22956,83;75,55;3,749;21290,13;0;69,89;4977,35;3261,04;221,6718;7,143;3;151315;High;2295,683
8451;1;4/5/2012;0;13;43561,17;75,55;3,749;21290,13;0;69,89;4977,35;3261,04;221,6718;7,143;3;151315;High;4356,117
8456;1;4/5/2012;0;3;10655,35;75,55;3,749;21290,13;0;69,89;4977,35;3261,04;221,6718;7,143;3;151315;Low;1065,535
8459;1;11/5/2012;0;14;15537,79;73,77;3,688;8351,4;0;10,52;2443,14;3127,88;221,7256632;7,143;3;151315;Low;1553,779
8462;1;11/5/2012;0;1;18164,2;73,77;3,688;8351,4;0;10,52;2443,14;3127,88;221,7256632;7,143;3;151315;Low;1816,42
8465;1;11/5/2012;0;19;1848,79;73,77;3,688;8351,4;0;10,52;2443,14;3127,88;221,7256632;7,143;3;151315;Low;184,879
8467;1;11/5/2012;0;18;4,58;73,77;3,688;8351,4;0;10,52;2443,14;3127,88;221,7256632;7,143;3;151315;Low;0,458
8470;1;11/5/2012;0;4;35840,06;73,77;3,688;8351,4;0;10,52;2443,14;3127,88;221,7256632;7,143;3;151315;High;3584,006
8471;1;11/5/2012;0;11;28842,32;73,77;3,688;8351,4;0;10,52;2443,14;3127,88;221,7256632;7,143;3;151315;High;2884,232
8479;1;11/5/2012;0;12;11420,63;73,77;3,688;8351,4;0;10,52;2443,14;3127,88;221,7256632;7,143;3;151315;Low;1142,063
8484;1;11/5/2012;0;6;3574,83;73,77;3,688;8351,4;0;10,52;2443,14;3127,88;221,7256632;7,143;3;151315;Low;357,483
8487;1;11/5/2012;0;10;32271,72;73,77;3,688;8351,4;0;10,52;2443,14;3127,88;221,7256632;7,143;3;151315;High;3227,172
8488;1;11/5/2012;0;20;4418,12;73,77;3,688;8351,4;0;10,52;2443,14;3127,88;221,7256632;7,143;3;151315;Low;441,812
8490;1;11/5/2012;0;16;38885,33;73,77;3,688;8351,4;0;10,52;2443,14;3127,88;221,7256632;7,143;3;151315;High;3888,533
8495;1;11/5/2012;0;17;7964,29;73,77;3,688;8351,4;0;10,52;2443,14;3127,88;221,7256632;7,143;3;151315;Low;796,429
8497;1;11/5/2012;0;9;28043,48;73,77;3,688;8351,4;0;10,52;2443,14;3127,88;221,7256632;7,143;3;151315;High;2804,348
8506;1;11/5/2012;0;2;46717,76;73,77;3,688;8351,4;0;10,52;2443,14;3127,88;221,7256632;7,143;3;151315;High;4671,776
8509;1;11/5/2012;0;7;23036,8;73,77;3,688;8351,4;0;10,52;2443,14;3127,88;221,7256632;7,143;3;151315;High;2303,68
8511;1;11/5/2012;0;13;38895,18;73,77;3,688;8351,4;0;10,52;2443,14;3127,88;221,7256632;7,143;3;151315;High;3889,518
8512;1;11/5/2012;0;8;37702,53;73,77;3,688;8351,4;0;10,52;2443,14;3127,88;221,7256632;7,143;3;151315;High;3770,253
8523;1;11/5/2012;0;5;17277,63;73,77;3,688;8351,4;0;10,52;2443,14;3127,88;221,7256632;7,143;3;151315;Low;1727,763
8528;1;11/5/2012;0;3;10342,72;73,77;3,688;8351,4;0;10,52;2443,14;3127,88;221,7256632;7,143;3;151315;Low;1034,272
8538;1;18/5/2012;0;19;1441,88;70,33;3,63;6154,14;0;45,11;1675,49;5508,18;221,742674;7,143;3;151315;Low;144,188
8539;1;18/5/2012;0;11;23346,03;70,33;3,63;6154,14;0;45,11;1675,49;5508,18;221,742674;7,143;3;151315;High;2334,603
8540;1;18/5/2012;0;1;18517,79;70,33;3,63;6154,14;0;45,11;1675,49;5508,18;221,742674;7,143;3;151315;Low;1851,779
8542;1;18/5/2012;0;20;5296,28;70,33;3,63;6154,14;0;45,11;1675,49;5508,18;221,742674;7,143;3;151315;Low;529,628
8543;1;18/5/2012;0;8;37817,25;70,33;3,63;6154,14;0;45,11;1675,49;5508,18;221,742674;7,143;3;151315;High;3781,725
8548;1;18/5/2012;0;12;10199,01;70,33;3,63;6154,14;0;45,11;1675,49;5508,18;221,742674;7,143;3;151315;Low;1019,901
8550;1;18/5/2012;0;7;19180,11;70,33;3,63;6154,14;0;45,11;1675,49;5508,18;221,742674;7,143;3;151315;Low;1918,011
8551;1;18/5/2012;0;4;34536,29;70,33;3,63;6154,14;0;45,11;1675,49;5508,18;221,742674;7,143;3;151315;High;3453,629
8552;1;18/5/2012;0;9;26160,37;70,33;3,63;6154,14;0;45,11;1675,49;5508,18;221,742674;7,143;3;151315;High;2616,037
8554;1;18/5/2012;0;14;16326,55;70,33;3,63;6154,14;0;45,11;1675,49;5508,18;221,742674;7,143;3;151315;Low;1632,655
8562;1;18/5/2012;0;17;9308,53;70,33;3,63;6154,14;0;45,11;1675,49;5508,18;221,742674;7,143;3;151315;Low;930,853
8565;1;18/5/2012;0;2;44411,23;70,33;3,63;6154,14;0;45,11;1675,49;5508,18;221,742674;7,143;3;151315;High;4441,123
8569;1;18/5/2012;0;10;30339,17;70,33;3,63;6154,14;0;45,11;1675,49;5508,18;221,742674;7,143;3;151315;High;3033,917
8572;1;18/5/2012;0;16;37505;70,33;3,63;6154,14;0;45,11;1675,49;5508,18;221,742674;7,143;3;151315;High;3750,5
8576;1;18/5/2012;0;6;6030,81;70,33;3,63;6154,14;0;45,11;1675,49;5508,18;221,742674;7,143;3;151315;Low;603,081
8593;1;18/5/2012;0;5;17955,73;70,33;3,63;6154,14;0;45,11;1675,49;5508,18;221,742674;7,143;3;151315;Low;1795,573
8594;1;18/5/2012;0;13;37857,88;70,33;3,63;6154,14;0;45,11;1675,49;5508,18;221,742674;7,143;3;151315;High;3785,788
8595;1;18/5/2012;0;3;8609,82;70,33;3,63;6154,14;0;45,11;1675,49;5508,18;221,742674;7,143;3;151315;Low;860,982
8600;1;25/5/2012;0;8;39067;77,22;3,561;4039,39;0;745,19;1429,96;3631,13;221,744944;7,143;3;151315;High;3906,7
8602;1;25/5/2012;0;17;7323,66;77,22;3,561;4039,39;0;745,19;1429,96;3631,13;221,744944;7,143;3;151315;Low;732,366
8604;1;25/5/2012;0;18;1,97;77,22;3,561;4039,39;0;745,19;1429,96;3631,13;221,744944;7,143;3;151315;Low;0,197
8605;1;25/5/2012;0;1;16963,55;77,22;3,561;4039,39;0;745,19;1429,96;3631,13;221,744944;7,143;3;151315;Low;1696,355
8608;1;25/5/2012;0;20;4614,33;77,22;3,561;4039,39;0;745,19;1429,96;3631,13;221,744944;7,143;3;151315;Low;461,433
8611;1;25/5/2012;0;12;12748,13;77,22;3,561;4039,39;0;745,19;1429,96;3631,13;221,744944;7,143;3;151315;Low;1274,813
8612;1;25/5/2012;0;4;38270,34;77,22;3,561;4039,39;0;745,19;1429,96;3631,13;221,744944;7,143;3;151315;High;3827,034
8618;1;25/5/2012;0;10;34203,35;77,22;3,561;4039,39;0;745,19;1429,96;3631,13;221,744944;7,143;3;151315;High;3420,335
8622;1;25/5/2012;0;2;45817,07;77,22;3,561;4039,39;0;745,19;1429,96;3631,13;221,744944;7,143;3;151315;High;4581,707
8625;1;25/5/2012;0;11;26925,54;77,22;3,561;4039,39;0;745,19;1429,96;3631,13;221,744944;7,143;3;151315;High;2692,554
8631;1;25/5/2012;0;14;14186,59;77,22;3,561;4039,39;0;745,19;1429,96;3631,13;221,744944;7,143;3;151315;Low;1418,659
8636;1;25/5/2012;0;7;28671,98;77,22;3,561;4039,39;0;745,19;1429,96;3631,13;221,744944;7,143;3;151315;High;2867,198
8642;1;25/5/2012;0;13;38541,76;77,22;3,561;4039,39;0;745,19;1429,96;3631,13;221,744944;7,143;3;151315;High;3854,176
8647;1;25/5/2012;0;19;1036,21;77,22;3,561;4039,39;0;745,19;1429,96;3631,13;221,744944;7,143;3;151315;Low;103,621
8654;1;25/5/2012;0;6;5131,26;77,22;3,561;4039,39;0;745,19;1429,96;3631,13;221,744944;7,143;3;151315;Low;513,126
8655;1;25/5/2012;0;3;8345,33;77,22;3,561;4039,39;0;745,19;1429,96;3631,13;221,744944;7,143;3;151315;Low;834,533
8658;1;25/5/2012;0;5;18625,67;77,22;3,561;4039,39;0;745,19;1429,96;3631,13;221,744944;7,143;3;151315;Low;1862,567
8660;1;25/5/2012;0;16;42922,55;77,22;3,561;4039,39;0;745,19;1429,96;3631,13;221,744944;7,143;3;151315;High;4292,255
8661;1;25/5/2012;0;9;29338,57;77,22;3,561;4039,39;0;745,19;1429,96;3631,13;221,744944;7,143;3;151315;High;2933,857
8670;1;1/6/2012;0;8;41039,74;77,95;3,501;6086,21;12;370,51;148,75;3690,85;221,7472139;7,143;3;151315;High;4103,974
8671;1;1/6/2012;0;18;0,2;77,95;3,501;6086,21;12;370,51;148,75;3690,85;221,7472139;7,143;3;151315;Low;0,02
8672;1;1/6/2012;0;4;41566,55;77,95;3,501;6086,21;12;370,51;148,75;3690,85;221,7472139;7,143;3;151315;High;4156,655
8674;1;1/6/2012;0;17;7197,38;77,95;3,501;6086,21;12;370,51;148,75;3690,85;221,7472139;7,143;3;151315;Low;719,738
8675;1;1/6/2012;0;20;4353,92;77,95;3,501;6086,21;12;370,51;148,75;3690,85;221,7472139;7,143;3;151315;Low;435,392
8684;1;1/6/2012;0;10;37294,14;77,95;3,501;6086,21;12;370,51;148,75;3690,85;221,7472139;7,143;3;151315;High;3729,414
8690;1;1/6/2012;0;7;31568,92;77,95;3,501;6086,21;12;370,51;148,75;3690,85;221,7472139;7,143;3;151315;High;3156,892
8706;1;1/6/2012;0;14;14903,87;77,95;3,501;6086,21;12;370,51;148,75;3690,85;221,7472139;7,143;3;151315;Low;1490,387
8707;1;1/6/2012;0;11;32406,68;77,95;3,501;6086,21;12;370,51;148,75;3690,85;221,7472139;7,143;3;151315;High;3240,668
8709;1;1/6/2012;0;16;45508,72;77,95;3,501;6086,21;12;370,51;148,75;3690,85;221,7472139;7,143;3;151315;High;4550,872
8711;1;1/6/2012;0;12;11542,81;77,95;3,501;6086,21;12;370,51;148,75;3690,85;221,7472139;7,143;3;151315;Low;1154,281
8712;1;1/6/2012;0;3;7175,77;77,95;3,501;6086,21;12;370,51;148,75;3690,85;221,7472139;7,143;3;151315;Low;717,577
8714;1;1/6/2012;0;2;47425,29;77,95;3,501;6086,21;12;370,51;148,75;3690,85;221,7472139;7,143;3;151315;High;4742,529
8715;1;1/6/2012;0;9;35001,66;77,95;3,501;6086,21;12;370,51;148,75;3690,85;221,7472139;7,143;3;151315;High;3500,166
8718;1;1/6/2012;0;5;17233,25;77,95;3,501;6086,21;12;370,51;148,75;3690,85;221,7472139;7,143;3;151315;Low;1723,325
8720;1;1/6/2012;0;6;3249,75;77,95;3,501;6086,21;12;370,51;148,75;3690,85;221,7472139;7,143;3;151315;Low;324,975
8728;1;1/6/2012;0;19;1406;77,95;3,501;6086,21;12;370,51;148,75;3690,85;221,7472139;7,143;3;151315;Low;140,6
8730;1;1/6/2012;0;1;16065,49;77,95;3,501;6086,21;12;370,51;148,75;3690,85;221,7472139;7,143;3;151315;Low;1606,549
8731;1;1/6/2012;0;13;41462,8;77,95;3,501;6086,21;12;370,51;148,75;3690,85;221,7472139;7,143;3;151315;High;4146,28
8744;1;8/6/2012;0;13;42304,47;78,3;3,452;8813,81;116,8;64,55;2652,04;7161,91;221,7494839;7,143;3;151315;High;4230,447
8745;1;8/6/2012;0;12;10742,68;78,3;3,452;8813,81;116,8;64,55;2652,04;7161,91;221,7494839;7,143;3;151315;Low;1074,268
8747;1;8/6/2012;0;6;4888,46;78,3;3,452;8813,81;116,8;64,55;2652,04;7161,91;221,7494839;7,143;3;151315;Low;488,846
8749;1;8/6/2012;0;4;41124,27;78,3;3,452;8813,81;116,8;64,55;2652,04;7161,91;221,7494839;7,143;3;151315;High;4112,427
8754;1;8/6/2012;0;2;49439,58;78,3;3,452;8813,81;116,8;64,55;2652,04;7161,91;221,7494839;7,143;3;151315;High;4943,958
8757;1;8/6/2012;0;18;4,97;78,3;3,452;8813,81;116,8;64,55;2652,04;7161,91;221,7494839;7,143;3;151315;Low;0,497
8761;1;8/6/2012;0;17;8589,19;78,3;3,452;8813,81;116,8;64,55;2652,04;7161,91;221,7494839;7,143;3;151315;Low;858,919
8764;1;8/6/2012;0;20;4943,11;78,3;3,452;8813,81;116,8;64,55;2652,04;7161,91;221,7494839;7,143;3;151315;Low;494,311
8766;1;8/6/2012;0;5;24752,99;78,3;3,452;8813,81;116,8;64,55;2652,04;7161,91;221,7494839;7,143;3;151315;High;2475,299
8767;1;8/6/2012;0;16;34785,29;78,3;3,452;8813,81;116,8;64,55;2652,04;7161,91;221,7494839;7,143;3;151315;High;3478,529
8782;1;8/6/2012;0;19;1242,44;78,3;3,452;8813,81;116,8;64,55;2652,04;7161,91;221,7494839;7,143;3;151315;Low;124,244
8784;1;8/6/2012;0;7;30052,56;78,3;3,452;8813,81;116,8;64,55;2652,04;7161,91;221,7494839;7,143;3;151315;High;3005,256
8789;1;8/6/2012;0;1;17666;78,3;3,452;8813,81;116,8;64,55;2652,04;7161,91;221,7494839;7,143;3;151315;Low;1766,6
8792;1;8/6/2012;0;10;36155,27;78,3;3,452;8813,81;116,8;64,55;2652,04;7161,91;221,7494839;7,143;3;151315;High;3615,527
8793;1;8/6/2012;0;8;40236,23;78,3;3,452;8813,81;116,8;64,55;2652,04;7161,91;221,7494839;7,143;3;151315;High;4023,623
8797;1;8/6/2012;0;14;12858,85;78,3;3,452;8813,81;116,8;64,55;2652,04;7161,91;221,7494839;7,143;3;151315;Low;1285,885
8804;1;8/6/2012;0;3;8614,64;78,3;3,452;8813,81;116,8;64,55;2652,04;7161,91;221,7494839;7,143;3;151315;Low;861,464
8808;1;8/6/2012;0;9;30307,11;78,3;3,452;8813,81;116,8;64,55;2652,04;7161,91;221,7494839;7,143;3;151315;High;3030,711
8810;1;8/6/2012;0;11;35861,22;78,3;3,452;8813,81;116,8;64,55;2652,04;7161,91;221,7494839;7,143;3;151315;High;3586,122
8813;1;15/6/2012;0;6;4087,58;79,35;3,393;5621,99;109,6;0,25;2420,28;3083,26;221,7626421;7,143;3;151315;Low;408,758
8822;1;15/6/2012;0;4;39019,74;79,35;3,393;5621,99;109,6;0,25;2420,28;3083,26;221,7626421;7,143;3;151315;High;3901,974
8823;1;15/6/2012;0;7;26249,22;79,35;3,393;5621,99;109,6;0,25;2420,28;3083,26;221,7626421;7,143;3;151315;High;2624,922
8833;1;15/6/2012;0;10;32578,62;79,35;3,393;5621,99;109,6;0,25;2420,28;3083,26;221,7626421;7,143;3;151315;High;3257,862
8834;1;15/6/2012;0;2;46637,48;79,35;3,393;5621,99;109,6;0,25;2420,28;3083,26;221,7626421;7,143;3;151315;High;4663,748
8837;1;15/6/2012;0;20;3948,1;79,35;3,393;5621,99;109,6;0,25;2420,28;3083,26;221,7626421;7,143;3;151315;Low;394,81
8840;1;15/6/2012;0;14;14117,36;79,35;3,393;5621,99;109,6;0,25;2420,28;3083,26;221,7626421;7,143;3;151315;Low;1411,736
8843;1;15/6/2012;0;12;11177,52;79,35;3,393;5621,99;109,6;0,25;2420,28;3083,26;221,7626421;7,143;3;151315;Low;1117,752
8845;1;15/6/2012;0;3;8016,26;79,35;3,393;5621,99;109,6;0,25;2420,28;3083,26;221,7626421;7,143;3;151315;Low;801,626
8849;1;15/6/2012;0;13;39024,74;79,35;3,393;5621,99;109,6;0,25;2420,28;3083,26;221,7626421;7,143;3;151315;High;3902,474
8861;1;15/6/2012;0;1;17558,82;79,35;3,393;5621,99;109,6;0,25;2420,28;3083,26;221,7626421;7,143;3;151315;Low;1755,882
8862;1;15/6/2012;0;5;21376,63;79,35;3,393;5621,99;109,6;0,25;2420,28;3083,26;221,7626421;7,143;3;151315;High;2137,663
8863;1;15/6/2012;0;16;32898,46;79,35;3,393;5621,99;109,6;0,25;2420,28;3083,26;221,7626421;7,143;3;151315;High;3289,846
8870;1;15/6/2012;0;8;38163,76;79,35;3,393;5621,99;109,6;0,25;2420,28;3083,26;221,7626421;7,143;3;151315;High;3816,376
8873;1;15/6/2012;0;11;27802,84;79,35;3,393;5621,99;109,6;0,25;2420,28;3083,26;221,7626421;7,143;3;151315;High;2780,284
8875;1;15/6/2012;0;17;6676,87;79,35;3,393;5621,99;109,6;0,25;2420,28;3083,26;221,7626421;7,143;3;151315;Low;667,687
8876;1;15/6/2012;0;9;30249,01;79,35;3,393;5621,99;109,6;0,25;2420,28;3083,26;221,7626421;7,143;3;151315;High;3024,901
8881;1;15/6/2012;0;19;951,49;79,35;3,393;5621,99;109,6;0,25;2420,28;3083,26;221,7626421;7,143;3;151315;Low;95,149
8885;1;22/6/2012;0;4;37400,31;78,39;3,346;8624,56;171,25;3,05;2524,07;7063,68;221,8030211;7,143;3;151315;High;3740,031
8890;1;22/6/2012;0;7;24777,12;78,39;3,346;8624,56;171,25;3,05;2524,07;7063,68;221,8030211;7,143;3;151315;High;2477,712
8895;1;22/6/2012;0;20;5218,84;78,39;3,346;8624,56;171,25;3,05;2524,07;7063,68;221,8030211;7,143;3;151315;Low;521,884
8902;1;22/6/2012;0;2;46075;78,39;3,346;8624,56;171,25;3,05;2524,07;7063,68;221,8030211;7,143;3;151315;High;4607,5
8903;1;22/6/2012;0;6;4870,31;78,39;3,346;8624,56;171,25;3,05;2524,07;7063,68;221,8030211;7,143;3;151315;Low;487,031
8907;1;22/6/2012;0;10;32851,06;78,39;3,346;8624,56;171,25;3,05;2524,07;7063,68;221,8030211;7,143;3;151315;High;3285,106
8909;1;22/6/2012;0;16;36362,45;78,39;3,346;8624,56;171,25;3,05;2524,07;7063,68;221,8030211;7,143;3;151315;High;3636,245
8911;1;22/6/2012;0;5;24337,24;78,39;3,346;8624,56;171,25;3,05;2524,07;7063,68;221,8030211;7,143;3;151315;High;2433,724
8912;1;22/6/2012;0;12;9606,33;78,39;3,346;8624,56;171,25;3,05;2524,07;7063,68;221,8030211;7,143;3;151315;Low;960,633
8917;1;22/6/2012;0;13;38945;78,39;3,346;8624,56;171,25;3,05;2524,07;7063,68;221,8030211;7,143;3;151315;High;3894,5
8919;1;22/6/2012;0;8;37693,88;78,39;3,346;8624,56;171,25;3,05;2524,07;7063,68;221,8030211;7,143;3;151315;High;3769,388
8921;1;22/6/2012;0;14;13158,38;78,39;3,346;8624,56;171,25;3,05;2524,07;7063,68;221,8030211;7,143;3;151315;Low;1315,838
8926;1;22/6/2012;0;3;7301,41;78,39;3,346;8624,56;171,25;3,05;2524,07;7063,68;221,8030211;7,143;3;151315;Low;730,141
8934;1;22/6/2012;0;11;26407,67;78,39;3,346;8624,56;171,25;3,05;2524,07;7063,68;221,8030211;7,143;3;151315;High;2640,767
8939;1;22/6/2012;0;1;16633,41;78,39;3,346;8624,56;171,25;3,05;2524,07;7063,68;221,8030211;7,143;3;151315;Low;1663,341
8941;1;22/6/2012;0;19;1174,7;78,39;3,346;8624,56;171,25;3,05;2524,07;7063,68;221,8030211;7,143;3;151315;Low;117,47
8942;1;22/6/2012;0;17;7468,47;78,39;3,346;8624,56;171,25;3,05;2524,07;7063,68;221,8030211;7,143;3;151315;Low;746,847
8952;1;22/6/2012;0;9;28249,43;78,39;3,346;8624,56;171,25;3,05;2524,07;7063,68;221,8030211;7,143;3;151315;High;2824,943
8956;1;29/6/2012;0;4;39758,77;84,88;3,286;3965,73;161,6;0;435,99;4212,97;221,8434;7,143;3;151315;High;3975,877
8963;1;29/6/2012;0;2;47629,14;84,88;3,286;3965,73;161,6;0;435,99;4212,97;221,8434;7,143;3;151315;High;4762,914
8965;1;29/6/2012;0;5;20233,9;84,88;3,286;3965,73;161,6;0;435,99;4212,97;221,8434;7,143;3;151315;High;2023,39
8967;1;29/6/2012;0;20;4847,43;84,88;3,286;3965,73;161,6;0;435,99;4212,97;221,8434;7,143;3;151315;Low;484,743
8970;1;29/6/2012;0;7;24077,39;84,88;3,286;3965,73;161,6;0;435,99;4212,97;221,8434;7,143;3;151315;High;2407,739
8972;1;29/6/2012;0;13;40099,49;84,88;3,286;3965,73;161,6;0;435,99;4212,97;221,8434;7,143;3;151315;High;4009,949
8977;1;29/6/2012;0;16;37677,82;84,88;3,286;3965,73;161,6;0;435,99;4212,97;221,8434;7,143;3;151315;High;3767,782
8984;1;29/6/2012;0;3;7577,59;84,88;3,286;3965,73;161,6;0;435,99;4212,97;221,8434;7,143;3;151315;Low;757,759
8987;1;29/6/2012;0;8;37647,44;84,88;3,286;3965,73;161,6;0;435,99;4212,97;221,8434;7,143;3;151315;High;3764,744
8994;1;29/6/2012;0;10;33135,34;84,88;3,286;3965,73;161,6;0;435,99;4212,97;221,8434;7,143;3;151315;High;3313,534
8999;1;29/6/2012;0;12;11816,35;84,88;3,286;3965,73;161,6;0;435,99;4212,97;221,8434;7,143;3;151315;Low;1181,635
9000;1;29/6/2012;0;6;4774,5;84,88;3,286;3965,73;161,6;0;435,99;4212,97;221,8434;7,143;3;151315;Low;477,45
9001;1;29/6/2012;0;17;8240,63;84,88;3,286;3965,73;161,6;0;435,99;4212,97;221,8434;7,143;3;151315;Low;824,063
9010;1;29/6/2012;0;11;44553,45;84,88;3,286;3965,73;161,6;0;435,99;4212,97;221,8434;7,143;3;151315;High;4455,345
9011;1;29/6/2012;0;19;1040,98;84,88;3,286;3965,73;161,6;0;435,99;4212,97;221,8434;7,143;3;151315;Low;104,098
9013;1;29/6/2012;0;14;16958,84;84,88;3,286;3965,73;161,6;0;435,99;4212,97;221,8434;7,143;3;151315;Low;1695,884
9019;1;29/6/2012;0;1;15722,82;84,88;3,286;3965,73;161,6;0;435,99;4212,97;221,8434;7,143;3;151315;Low;1572,282
9021;1;29/6/2012;0;9;25081,23;84,88;3,286;3965,73;161,6;0;435,99;4212,97;221,8434;7,143;3;151315;High;2508,123
9025;1;6/7/2012;0;2;49771,92;81,57;3,227;12218,76;94,4;192,83;4066,01;6149,04;221,8837789;6,908;3;151315;High;4977,192
9032;1;6/7/2012;0;20;5485,86;81,57;3,227;12218,76;94,4;192,83;4066,01;6149,04;221,8837789;6,908;3;151315;Low;548,586
9036;1;6/7/2012;0;4;44936,96;81,57;3,227;12218,76;94,4;192,83;4066,01;6149,04;221,8837789;6,908;3;151315;High;4493,696
9041;1;6/7/2012;0;16;42679,2;81,57;3,227;12218,76;94,4;192,83;4066,01;6149,04;221,8837789;6,908;3;151315;High;4267,92
9044;1;6/7/2012;0;5;19684,48;81,57;3,227;12218,76;94,4;192,83;4066,01;6149,04;221,8837789;6,908;3;151315;Low;1968,448
9045;1;6/7/2012;0;6;2828,03;81,57;3,227;12218,76;94,4;192,83;4066,01;6149,04;221,8837789;6,908;3;151315;Low;282,803
9048;1;6/7/2012;0;13;43326,92;81,57;3,227;12218,76;94,4;192,83;4066,01;6149,04;221,8837789;6,908;3;151315;High;4332,692
9057;1;6/7/2012;0;10;39189,33;81,57;3,227;12218,76;94,4;192,83;4066,01;6149,04;221,8837789;6,908;3;151315;High;3918,933
9067;1;6/7/2012;0;12;13887,61;81,57;3,227;12218,76;94,4;192,83;4066,01;6149,04;221,8837789;6,908;3;151315;Low;1388,761
9068;1;6/7/2012;0;8;41524,67;81,57;3,227;12218,76;94,4;192,83;4066,01;6149,04;221,8837789;6,908;3;151315;High;4152,467
9071;1;6/7/2012;0;3;8473,71;81,57;3,227;12218,76;94,4;192,83;4066,01;6149,04;221,8837789;6,908;3;151315;Low;847,371
9072;1;6/7/2012;0;7;27364,96;81,57;3,227;12218,76;94,4;192,83;4066,01;6149,04;221,8837789;6,908;3;151315;High;2736,496
9074;1;6/7/2012;0;17;8053,74;81,57;3,227;12218,76;94,4;192,83;4066,01;6149,04;221,8837789;6,908;3;151315;Low;805,374
9076;1;6/7/2012;0;14;19019,04;81,57;3,227;12218,76;94,4;192,83;4066,01;6149,04;221,8837789;6,908;3;151315;Low;1901,904
9079;1;6/7/2012;0;1;17823,37;81,57;3,227;12218,76;94,4;192,83;4066,01;6149,04;221,8837789;6,908;3;151315;Low;1782,337
9084;1;6/7/2012;0;9;32851,76;81,57;3,227;12218,76;94,4;192,83;4066,01;6149,04;221,8837789;6,908;3;151315;High;3285,176
9086;1;6/7/2012;0;11;36266,25;81,57;3,227;12218,76;94,4;192,83;4066,01;6149,04;221,8837789;6,908;3;151315;High;3626,625
9089;1;6/7/2012;0;19;1195,29;81,57;3,227;12218,76;94,4;192,83;4066,01;6149,04;221,8837789;6,908;3;151315;Low;119,529
9096;1;13/7/2012;0;20;3737,06;77,12;3,256;7218,13;45,2;36,24;3909,38;2596,37;221,9241579;6,908;3;151315;Low;373,706
9097;1;13/7/2012;0;2;44411,95;77,12;3,256;7218,13;45,2;36,24;3909,38;2596,37;221,9241579;6,908;3;151315;High;4441,195
9099;1;13/7/2012;0;4;38073,91;77,12;3,256;7218,13;45,2;36,24;3909,38;2596,37;221,9241579;6,908;3;151315;High;3807,391
9106;1;13/7/2012;0;5;18089,61;77,12;3,256;7218,13;45,2;36,24;3909,38;2596,37;221,9241579;6,908;3;151315;Low;1808,961
9108;1;13/7/2012;0;13;39276,05;77,12;3,256;7218,13;45,2;36,24;3909,38;2596,37;221,9241579;6,908;3;151315;High;3927,605
9124;1;13/7/2012;0;10;31430,55;77,12;3,256;7218,13;45,2;36,24;3909,38;2596,37;221,9241579;6,908;3;151315;High;3143,055
9131;1;13/7/2012;0;16;22880,3;77,12;3,256;7218,13;45,2;36,24;3909,38;2596,37;221,9241579;6,908;3;151315;High;2288,03
9132;1;13/7/2012;0;8;36130,01;77,12;3,256;7218,13;45,2;36,24;3909,38;2596,37;221,9241579;6,908;3;151315;High;3613,001
9133;1;13/7/2012;0;3;13126,15;77,12;3,256;7218,13;45,2;36,24;3909,38;2596,37;221,9241579;6,908;3;151315;Low;1312,615
9136;1;13/7/2012;0;17;7386,64;77,12;3,256;7218,13;45,2;36,24;3909,38;2596,37;221,9241579;6,908;3;151315;Low;738,664
9138;1;13/7/2012;0;14;14332,72;77,12;3,256;7218,13;45,2;36,24;3909,38;2596,37;221,9241579;6,908;3;151315;Low;1433,272
9143;1;13/7/2012;0;6;2776,97;77,12;3,256;7218,13;45,2;36,24;3909,38;2596,37;221,9241579;6,908;3;151315;Low;277,697
9145;1;13/7/2012;0;9;21464,73;77,12;3,256;7218,13;45,2;36,24;3909,38;2596,37;221,9241579;6,908;3;151315;High;2146,473
9146;1;13/7/2012;0;1;16566,18;77,12;3,256;7218,13;45,2;36,24;3909,38;2596,37;221,9241579;6,908;3;151315;Low;1656,618
9150;1;13/7/2012;0;12;9318,1;77,12;3,256;7218,13;45,2;36,24;3909,38;2596,37;221,9241579;6,908;3;151315;Low;931,81
9155;1;13/7/2012;0;11;25922,59;77,12;3,256;7218,13;45,2;36,24;3909,38;2596,37;221,9241579;6,908;3;151315;High;2592,259
9160;1;13/7/2012;0;19;1003,66;77,12;3,256;7218,13;45,2;36,24;3909,38;2596,37;221,9241579;6,908;3;151315;Low;100,366
9162;1;13/7/2012;0;7;18427,17;77,12;3,256;7218,13;45,2;36,24;3909,38;2596,37;221,9241579;6,908;3;151315;Low;1842,717
9165;1;20/7/2012;0;4;38080,05;80,42;3,311;3213;313,72;9,53;2262,02;3228,19;221,9327267;6,908;3;151315;High;3808,005
9171;1;20/7/2012;0;2;45108,22;80,42;3,311;3213;313,72;9,53;2262,02;3228,19;221,9327267;6,908;3;151315;High;4510,822
9176;1;20/7/2012;0;13;39396,59;80,42;3,311;3213;313,72;9,53;2262,02;3228,19;221,9327267;6,908;3;151315;High;3939,659
9178;1;20/7/2012;0;5;17896,46;80,42;3,311;3213;313,72;9,53;2262,02;3228,19;221,9327267;6,908;3;151315;Low;1789,646
9188;1;20/7/2012;0;6;3496,53;80,42;3,311;3213;313,72;9,53;2262,02;3228,19;221,9327267;6,908;3;151315;Low;349,653
9191;1;20/7/2012;0;17;7195,7;80,42;3,311;3213;313,72;9,53;2262,02;3228,19;221,9327267;6,908;3;151315;Low;719,57
9193;1;20/7/2012;0;3;20126,95;80,42;3,311;3213;313,72;9,53;2262,02;3228,19;221,9327267;6,908;3;151315;High;2012,695
9195;1;20/7/2012;0;8;37797,31;80,42;3,311;3213;313,72;9,53;2262,02;3228,19;221,9327267;6,908;3;151315;High;3779,731
9197;1;20/7/2012;0;18;2,91;80,42;3,311;3213;313,72;9,53;2262,02;3228,19;221,9327267;6,908;3;151315;Low;0,291
9198;1;20/7/2012;0;16;24017,03;80,42;3,311;3213;313,72;9,53;2262,02;3228,19;221,9327267;6,908;3;151315;High;2401,703
9199;1;20/7/2012;0;10;29187,22;80,42;3,311;3213;313,72;9,53;2262,02;3228,19;221,9327267;6,908;3;151315;High;2918,722
9201;1;20/7/2012;0;14;12083,33;80,42;3,311;3213;313,72;9,53;2262,02;3228,19;221,9327267;6,908;3;151315;Low;1208,333
9210;1;20/7/2012;0;11;26026,46;80,42;3,311;3213;313,72;9,53;2262,02;3228,19;221,9327267;6,908;3;151315;High;2602,646
9212;1;20/7/2012;0;1;16348,06;80,42;3,311;3213;313,72;9,53;2262,02;3228,19;221,9327267;6,908;3;151315;Low;1634,806
9224;1;20/7/2012;0;19;955,74;80,42;3,311;3213;313,72;9,53;2262,02;3228,19;221,9327267;6,908;3;151315;Low;95,574
9227;1;20/7/2012;0;12;12565,06;80,42;3,311;3213;313,72;9,53;2262,02;3228,19;221,9327267;6,908;3;151315;Low;1256,506
9230;1;20/7/2012;0;9;22594,18;80,42;3,311;3213;313,72;9,53;2262,02;3228,19;221,9327267;6,908;3;151315;High;2259,418
9233;1;20/7/2012;0;7;16528,1;80,42;3,311;3213;313,72;9,53;2262,02;3228,19;221,9327267;6,908;3;151315;Low;1652,81
9236;1;20/7/2012;0;20;4831,71;80,42;3,311;3213;313,72;9,53;2262,02;3228,19;221,9327267;6,908;3;151315;Low;483,171
9239;1;27/7/2012;0;13;37423,21;82,66;3,407;7146,9;389,02;1,59;10267,54;4325,19;221,9412954;6,908;3;151315;High;3742,321
9246;1;27/7/2012;0;5;14105,4;82,66;3,407;7146,9;389,02;1,59;10267,54;4325,19;221,9412954;6,908;3;151315;Low;1410,54
9247;1;27/7/2012;0;3;22716,7;82,66;3,407;7146,9;389,02;1,59;10267,54;4325,19;221,9412954;6,908;3;151315;High;2271,67
9248;1;27/7/2012;0;10;30594,53;82,66;3,407;7146,9;389,02;1,59;10267,54;4325,19;221,9412954;6,908;3;151315;High;3059,453
9253;1;27/7/2012;0;16;23838,33;82,66;3,407;7146,9;389,02;1,59;10267,54;4325,19;221,9412954;6,908;3;151315;High;2383,833
9256;1;27/7/2012;0;17;8435,09;82,66;3,407;7146,9;389,02;1,59;10267,54;4325,19;221,9412954;6,908;3;151315;Low;843,509
9257;1;27/7/2012;0;1;15731,18;82,66;3,407;7146,9;389,02;1,59;10267,54;4325,19;221,9412954;6,908;3;151315;Low;1573,118
9263;1;27/7/2012;0;14;12706,52;82,66;3,407;7146,9;389,02;1,59;10267,54;4325,19;221,9412954;6,908;3;151315;Low;1270,652
9265;1;27/7/2012;0;4;35197,59;82,66;3,407;7146,9;389,02;1,59;10267,54;4325,19;221,9412954;6,908;3;151315;High;3519,759
9268;1;27/7/2012;0;19;1016,28;82,66;3,407;7146,9;389,02;1,59;10267,54;4325,19;221,9412954;6,908;3;151315;Low;101,628
9269;1;27/7/2012;0;6;2545,65;82,66;3,407;7146,9;389,02;1,59;10267,54;4325,19;221,9412954;6,908;3;151315;Low;254,565
9276;1;27/7/2012;0;2;45008,22;82,66;3,407;7146,9;389,02;1,59;10267,54;4325,19;221,9412954;6,908;3;151315;High;4500,822
9281;1;27/7/2012;0;9;22921,21;82,66;3,407;7146,9;389,02;1,59;10267,54;4325,19;221,9412954;6,908;3;151315;High;2292,121
9282;1;27/7/2012;0;11;33443,23;82,66;3,407;7146,9;389,02;1,59;10267,54;4325,19;221,9412954;6,908;3;151315;High;3344,323
9286;1;27/7/2012;0;8;36981,9;82,66;3,407;7146,9;389,02;1,59;10267,54;4325,19;221,9412954;6,908;3;151315;High;3698,19
9287;1;27/7/2012;0;20;3810,16;82,66;3,407;7146,9;389,02;1,59;10267,54;4325,19;221,9412954;6,908;3;151315;Low;381,016
9288;1;27/7/2012;0;12;11109,25;82,66;3,407;7146,9;389,02;1,59;10267,54;4325,19;221,9412954;6,908;3;151315;Low;1110,925
9301;1;27/7/2012;0;7;17171,35;82,66;3,407;7146,9;389,02;1,59;10267,54;4325,19;221,9412954;6,908;3;151315;Low;1717,135
9314;1;3/8/2012;0;17;7809,58;86,11;3,417;27584,78;119,98;30,23;12007,04;4661,71;221,9498642;6,908;3;151315;Low;780,958
9317;1;3/8/2012;0;13;44708,45;86,11;3,417;27584,78;119,98;30,23;12007,04;4661,71;221,9498642;6,908;3;151315;High;4470,845
9318;1;3/8/2012;0;16;25418,49;86,11;3,417;27584,78;119,98;30,23;12007,04;4661,71;221,9498642;6,908;3;151315;High;2541,849
9320;1;3/8/2012;0;4;41305,39;86,11;3,417;27584,78;119,98;30,23;12007,04;4661,71;221,9498642;6,908;3;151315;High;4130,539
9325;1;3/8/2012;0;3;30331,69;86,11;3,417;27584,78;119,98;30,23;12007,04;4661,71;221,9498642;6,908;3;151315;High;3033,169
9326;1;3/8/2012;0;6;3412,58;86,11;3,417;27584,78;119,98;30,23;12007,04;4661,71;221,9498642;6,908;3;151315;Low;341,258
9334;1;3/8/2012;0;1;16628,31;86,11;3,417;27584,78;119,98;30,23;12007,04;4661,71;221,9498642;6,908;3;151315;Low;1662,831
9337;1;3/8/2012;0;14;13423,3;86,11;3,417;27584,78;119,98;30,23;12007,04;4661,71;221,9498642;6,908;3;151315;Low;1342,33
9348;1;3/8/2012;0;7;16916,29;86,11;3,417;27584,78;119,98;30,23;12007,04;4661,71;221,9498642;6,908;3;151315;Low;1691,629
9349;1;3/8/2012;0;9;23780,97;86,11;3,417;27584,78;119,98;30,23;12007,04;4661,71;221,9498642;6,908;3;151315;High;2378,097
9358;1;3/8/2012;0;2;49424,06;86,11;3,417;27584,78;119,98;30,23;12007,04;4661,71;221,9498642;6,908;3;151315;High;4942,406
9365;1;3/8/2012;0;5;17615,28;86,11;3,417;27584,78;119,98;30,23;12007,04;4661,71;221,9498642;6,908;3;151315;Low;1761,528
9368;1;3/8/2012;0;10;32794,21;86,11;3,417;27584,78;119,98;30,23;12007,04;4661,71;221,9498642;6,908;3;151315;High;3279,421
9369;1;3/8/2012;0;11;27759,99;86,11;3,417;27584,78;119,98;30,23;12007,04;4661,71;221,9498642;6,908;3;151315;High;2775,999
9373;1;3/8/2012;0;8;40098,84;86,11;3,417;27584,78;119,98;30,23;12007,04;4661,71;221,9498642;6,908;3;151315;High;4009,884
9374;1;3/8/2012;0;19;901,62;86,11;3,417;27584,78;119,98;30,23;12007,04;4661,71;221,9498642;6,908;3;151315;Low;90,162
9377;1;3/8/2012;0;20;4708,44;86,11;3,417;27584,78;119,98;30,23;12007,04;4661,71;221,9498642;6,908;3;151315;Low;470,844
9379;1;3/8/2012;0;12;11298,13;86,11;3,417;27584,78;119,98;30,23;12007,04;4661,71;221,9498642;6,908;3;151315;Low;1129,813
9381;1;10/8/2012;0;1;16119,92;85,05;3,494;11436,22;245;6,85;6964,26;4836,22;221,9584329;6,908;3;151315;Low;1611,992
9382;1;10/8/2012;0;17;8441,34;85,05;3,494;11436,22;245;6,85;6964,26;4836,22;221,9584329;6,908;3;151315;Low;844,134
9387;1;10/8/2012;0;13;42241,23;85,05;3,494;11436,22;245;6,85;6964,26;4836,22;221,9584329;6,908;3;151315;High;4224,123
9391;1;10/8/2012;0;14;12434,69;85,05;3,494;11436,22;245;6,85;6964,26;4836,22;221,9584329;6,908;3;151315;Low;1243,469
9393;1;10/8/2012;0;16;21677,85;85,05;3,494;11436,22;245;6,85;6964,26;4836,22;221,9584329;6,908;3;151315;High;2167,785
9394;1;10/8/2012;0;3;28257,3;85,05;3,494;11436,22;245;6,85;6964,26;4836,22;221,9584329;6,908;3;151315;High;2825,73
9397;1;10/8/2012;0;4;40343,83;85,05;3,494;11436,22;245;6,85;6964,26;4836,22;221,9584329;6,908;3;151315;High;4034,383
9402;1;10/8/2012;0;6;-139,65;85,05;3,494;11436,22;245;6,85;6964,26;4836,22;221,9584329;6,908;3;151315;Low;0
9414;1;10/8/2012;0;2;46729,91;85,05;3,494;11436,22;245;6,85;6964,26;4836,22;221,9584329;6,908;3;151315;High;4672,991
9421;1;10/8/2012;0;10;33834,22;85,05;3,494;11436,22;245;6,85;6964,26;4836,22;221,9584329;6,908;3;151315;High;3383,422
9424;1;10/8/2012;0;12;10605,66;85,05;3,494;11436,22;245;6,85;6964,26;4836,22;221,9584329;6,908;3;151315;Low;1060,566
9431;1;10/8/2012;0;19;875,1;85,05;3,494;11436,22;245;6,85;6964,26;4836,22;221,9584329;6,908;3;151315;Low;87,51
9432;1;10/8/2012;0;8;37269,92;85,05;3,494;11436,22;245;6,85;6964,26;4836,22;221,9584329;6,908;3;151315;High;3726,992
9437;1;10/8/2012;0;5;18232,46;85,05;3,494;11436,22;245;6,85;6964,26;4836,22;221,9584329;6,908;3;151315;Low;1823,246
9441;1;10/8/2012;0;11;24145,93;85,05;3,494;11436,22;245;6,85;6964,26;4836,22;221,9584329;6,908;3;151315;High;2414,593
9443;1;10/8/2012;0;7;16552,49;85,05;3,494;11436,22;245;6,85;6964,26;4836,22;221,9584329;6,908;3;151315;Low;1655,249
9444;1;10/8/2012;0;20;4534,37;85,05;3,494;11436,22;245;6,85;6964,26;4836,22;221,9584329;6,908;3;151315;Low;453,437
9449;1;10/8/2012;0;9;20400,88;85,05;3,494;11436,22;245;6,85;6964,26;4836,22;221,9584329;6,908;3;151315;High;2040,088
9452;1;17/8/2012;0;14;12419,06;84,85;3,571;3662,06;137,86;4,84;2752,2;3446,15;222,0384109;6,908;3;151315;Low;1241,906
9453;1;17/8/2012;0;17;8710,04;84,85;3,571;3662,06;137,86;4,84;2752,2;3446,15;222,0384109;6,908;3;151315;Low;871,004
9457;1;17/8/2012;0;1;17330,7;84,85;3,571;3662,06;137,86;4,84;2752,2;3446,15;222,0384109;6,908;3;151315;Low;1733,07
9463;1;17/8/2012;0;13;41658,4;84,85;3,571;3662,06;137,86;4,84;2752,2;3446,15;222,0384109;6,908;3;151315;High;4165,84
9465;1;17/8/2012;0;4;38105,9;84,85;3,571;3662,06;137,86;4,84;2752,2;3446,15;222,0384109;6,908;3;151315;High;3810,59
9467;1;17/8/2012;0;2;46350,97;84,85;3,571;3662,06;137,86;4,84;2752,2;3446,15;222,0384109;6,908;3;151315;High;4635,097
9472;1;17/8/2012;0;16;20035,26;84,85;3,571;3662,06;137,86;4,84;2752,2;3446,15;222,0384109;6,908;3;151315;High;2003,526
9474;1;17/8/2012;0;3;31905,97;84,85;3,571;3662,06;137,86;4,84;2752,2;3446,15;222,0384109;6,908;3;151315;High;3190,597
9480;1;17/8/2012;0;12;11447,03;84,85;3,571;3662,06;137,86;4,84;2752,2;3446,15;222,0384109;6,908;3;151315;Low;1144,703
9484;1;17/8/2012;0;7;16256,91;84,85;3,571;3662,06;137,86;4,84;2752,2;3446,15;222,0384109;6,908;3;151315;Low;1625,691
9491;1;17/8/2012;0;5;15440,65;84,85;3,571;3662,06;137,86;4,84;2752,2;3446,15;222,0384109;6,908;3;151315;Low;1544,065
9499;1;17/8/2012;0;18;9,97;84,85;3,571;3662,06;137,86;4,84;2752,2;3446,15;222,0384109;6,908;3;151315;Low;0,997
9503;1;17/8/2012;0;20;3980,4;84,85;3,571;3662,06;137,86;4,84;2752,2;3446,15;222,0384109;6,908;3;151315;Low;398,04
9504;1;17/8/2012;0;10;29723,55;84,85;3,571;3662,06;137,86;4,84;2752,2;3446,15;222,0384109;6,908;3;151315;High;2972,355
9507;1;17/8/2012;0;6;2725,3;84,85;3,571;3662,06;137,86;4,84;2752,2;3446,15;222,0384109;6,908;3;151315;Low;272,53
9508;1;17/8/2012;0;19;1192,39;84,85;3,571;3662,06;137,86;4,84;2752,2;3446,15;222,0384109;6,908;3;151315;Low;119,239
9511;1;17/8/2012;0;9;23503,86;84,85;3,571;3662,06;137,86;4,84;2752,2;3446,15;222,0384109;6,908;3;151315;High;2350,386
9515;1;17/8/2012;0;8;36294,18;84,85;3,571;3662,06;137,86;4,84;2752,2;3446,15;222,0384109;6,908;3;151315;High;3629,418
9517;1;17/8/2012;0;11;20281,68;84,85;3,571;3662,06;137,86;4,84;2752,2;3446,15;222,0384109;6,908;3;151315;High;2028,168
9524;1;24/8/2012;0;17;9523,9;77,66;3,62;6237,83;260,06;2,97;3463,03;7988,25;222,1719457;6,908;3;151315;Low;952,39
9526;1;24/8/2012;0;12;10723,59;77,66;3,62;6237,83;260,06;2,97;3463,03;7988,25;222,1719457;6,908;3;151315;Low;1072,359
9529;1;24/8/2012;0;3;43712,78;77,66;3,62;6237,83;260,06;2,97;3463,03;7988,25;222,1719457;6,908;3;151315;High;4371,278
9538;1;24/8/2012;0;1;16286,4;77,66;3,62;6237,83;260,06;2,97;3463,03;7988,25;222,1719457;6,908;3;151315;Low;1628,64
9540;1;24/8/2012;0;4;36674,67;77,66;3,62;6237,83;260,06;2,97;3463,03;7988,25;222,1719457;6,908;3;151315;High;3667,467
9548;1;24/8/2012;0;2;44972,52;77,66;3,62;6237,83;260,06;2,97;3463,03;7988,25;222,1719457;6,908;3;151315;High;4497,252
9550;1;24/8/2012;0;14;11041,63;77,66;3,62;6237,83;260,06;2,97;3463,03;7988,25;222,1719457;6,908;3;151315;Low;1104,163
9553;1;24/8/2012;0;13;39231,62;77,66;3,62;6237,83;260,06;2,97;3463,03;7988,25;222,1719457;6,908;3;151315;High;3923,162
9558;1;24/8/2012;0;5;22446,23;77,66;3,62;6237,83;260,06;2,97;3463,03;7988,25;222,1719457;6,908;3;151315;High;2244,623
9562;1;24/8/2012;0;20;3452,67;77,66;3,62;6237,83;260,06;2,97;3463,03;7988,25;222,1719457;6,908;3;151315;Low;345,267
9567;1;24/8/2012;0;10;27884,19;77,66;3,62;6237,83;260,06;2,97;3463,03;7988,25;222,1719457;6,908;3;151315;High;2788,419
9573;1;24/8/2012;0;18;4,97;77,66;3,62;6237,83;260,06;2,97;3463,03;7988,25;222,1719457;6,908;3;151315;Low;0,497
9577;1;24/8/2012;0;6;2626,5;77,66;3,62;6237,83;260,06;2,97;3463,03;7988,25;222,1719457;6,908;3;151315;Low;262,65
9578;1;24/8/2012;0;16;18393,12;77,66;3,62;6237,83;260,06;2,97;3463,03;7988,25;222,1719457;6,908;3;151315;Low;1839,312
9583;1;24/8/2012;0;8;33855,28;77,66;3,62;6237,83;260,06;2,97;3463,03;7988,25;222,1719457;6,908;3;151315;High;3385,528
9586;1;24/8/2012;0;11;20462,68;77,66;3,62;6237,83;260,06;2,97;3463,03;7988,25;222,1719457;6,908;3;151315;High;2046,268
9590;1;24/8/2012;0;19;1328,49;77,66;3,62;6237,83;260,06;2,97;3463,03;7988,25;222,1719457;6,908;3;151315;Low;132,849
9592;1;24/8/2012;0;9;26262,95;77,66;3,62;6237,83;260,06;2,97;3463,03;7988,25;222,1719457;6,908;3;151315;High;2626,295
9593;1;24/8/2012;0;7;15159,94;77,66;3,62;6237,83;260,06;2,97;3463,03;7988,25;222,1719457;6,908;3;151315;Low;1515,994
9600;1;31/8/2012;0;14;12912,96;80,49;3,638;21442,73;102,32;21,7;13209,64;3032,96;222,3054805;6,908;3;151315;Low;1291,296
9604;1;31/8/2012;0;2;50995,5;80,49;3,638;21442,73;102,32;21,7;13209,64;3032,96;222,3054805;6,908;3;151315;High;5099,55
9605;1;31/8/2012;0;12;10591,46;80,49;3,638;21442,73;102,32;21,7;13209,64;3032,96;222,3054805;6,908;3;151315;Low;1059,146
9607;1;31/8/2012;0;4;37802,97;80,49;3,638;21442,73;102,32;21,7;13209,64;3032,96;222,3054805;6,908;3;151315;High;3780,297
9609;1;31/8/2012;0;1;16680,24;80,49;3,638;21442,73;102,32;21,7;13209,64;3032,96;222,3054805;6,908;3;151315;Low;1668,024
9616;1;31/8/2012;0;5;18615,76;80,49;3,638;21442,73;102,32;21,7;13209,64;3032,96;222,3054805;6,908;3;151315;Low;1861,576
9622;1;31/8/2012;0;3;50701,3;80,49;3,638;21442,73;102,32;21,7;13209,64;3032,96;222,3054805;6,908;3;151315;High;5070,13
9624;1;31/8/2012;0;16;16797,62;80,49;3,638;21442,73;102,32;21,7;13209,64;3032,96;222,3054805;6,908;3;151315;Low;1679,762
9626;1;31/8/2012;0;10;28490,93;80,49;3,638;21442,73;102,32;21,7;13209,64;3032,96;222,3054805;6,908;3;151315;High;2849,093
9629;1;31/8/2012;0;20;4602,26;80,49;3,638;21442,73;102,32;21,7;13209,64;3032,96;222,3054805;6,908;3;151315;Low;460,226
9634;1;31/8/2012;0;13;40940,78;80,49;3,638;21442,73;102,32;21,7;13209,64;3032,96;222,3054805;6,908;3;151315;High;4094,078
9641;1;31/8/2012;0;18;4,97;80,49;3,638;21442,73;102,32;21,7;13209,64;3032,96;222,3054805;6,908;3;151315;Low;0,497
9647;1;31/8/2012;0;19;900,06;80,49;3,638;21442,73;102,32;21,7;13209,64;3032,96;222,3054805;6,908;3;151315;Low;90,006
9652;1;31/8/2012;0;17;8158,73;80,49;3,638;21442,73;102,32;21,7;13209,64;3032,96;222,3054805;6,908;3;151315;Low;815,873
9656;1;31/8/2012;0;9;41634,69;80,49;3,638;21442,73;102,32;21,7;13209,64;3032,96;222,3054805;6,908;3;151315;High;4163,469
9659;1;31/8/2012;0;8;37666,92;80,49;3,638;21442,73;102,32;21,7;13209,64;3032,96;222,3054805;6,908;3;151315;High;3766,692
9662;1;31/8/2012;0;6;2987,07;80,49;3,638;21442,73;102,32;21,7;13209,64;3032,96;222,3054805;6,908;3;151315;Low;298,707
9663;1;31/8/2012;0;11;21103,42;80,49;3,638;21442,73;102,32;21,7;13209,64;3032,96;222,3054805;6,908;3;151315;High;2110,342
9665;1;31/8/2012;0;7;15802,09;80,49;3,638;21442,73;102,32;21,7;13209,64;3032,96;222,3054805;6,908;3;151315;Low;1580,209
9741;1;14/9/2012;0;20;3548,56;74,97;3,717;17212,52;7;18,79;1523,11;7992,72;222,5820193;6,908;3;151315;Low;354,856
9743;1;14/9/2012;0;12;10484,08;74,97;3,717;17212,52;7;18,79;1523,11;7992,72;222,5820193;6,908;3;151315;Low;1048,408
9748;1;14/9/2012;0;10;31705,09;74,97;3,717;17212,52;7;18,79;1523,11;7992,72;222,5820193;6,908;3;151315;High;3170,509
9749;1;14/9/2012;0;13;38759,47;74,97;3,717;17212,52;7;18,79;1523,11;7992,72;222,5820193;6,908;3;151315;High;3875,947
9753;1;14/9/2012;0;4;35044,06;74,97;3,717;17212,52;7;18,79;1523,11;7992,72;222,5820193;6,908;3;151315;High;3504,406
9755;1;14/9/2012;0;1;19616,22;74,97;3,717;17212,52;7;18,79;1523,11;7992,72;222,5820193;6,908;3;151315;Low;1961,622
9760;1;14/9/2012;0;18;649,09;74,97;3,717;17212,52;7;18,79;1523,11;7992,72;222,5820193;6,908;3;151315;Low;64,909
9761;1;14/9/2012;0;17;7075,73;74,97;3,717;17212,52;7;18,79;1523,11;7992,72;222,5820193;6,908;3;151315;Low;707,573
9768;1;14/9/2012;0;5;19369,52;74,97;3,717;17212,52;7;18,79;1523,11;7992,72;222,5820193;6,908;3;151315;Low;1936,952
9774;1;14/9/2012;0;16;14646,37;74,97;3,717;17212,52;7;18,79;1523,11;7992,72;222,5820193;6,908;3;151315;Low;1464,637
9784;1;14/9/2012;0;11;17027,47;74,97;3,717;17212,52;7;18,79;1523,11;7992,72;222,5820193;6,908;3;151315;Low;1702,747
9786;1;14/9/2012;0;19;733,78;74,97;3,717;17212,52;7;18,79;1523,11;7992,72;222,5820193;6,908;3;151315;Low;73,378
9791;1;14/9/2012;0;3;14288,22;74,97;3,717;17212,52;7;18,79;1523,11;7992,72;222,5820193;6,908;3;151315;Low;1428,822
9793;1;14/9/2012;0;2;44493,61;74,97;3,717;17212,52;7;18,79;1523,11;7992,72;222,5820193;6,908;3;151315;High;4449,361
9795;1;14/9/2012;0;9;31882,98;74,97;3,717;17212,52;7;18,79;1523,11;7992,72;222,5820193;6,908;3;151315;High;3188,298
9798;1;14/9/2012;0;8;37346,83;74,97;3,717;17212,52;7;18,79;1523,11;7992,72;222,5820193;6,908;3;151315;High;3734,683
9801;1;14/9/2012;0;6;3073,31;74,97;3,717;17212,52;7;18,79;1523,11;7992,72;222,5820193;6,908;3;151315;Low;307,331
9807;1;14/9/2012;0;7;15525,82;74,97;3,717;17212,52;7;18,79;1523,11;7992,72;222,5820193;6,908;3;151315;Low;1552,582
9808;1;14/9/2012;0;14;11596,1;74,97;3,717;17212,52;7;18,79;1523,11;7992,72;222,5820193;6,908;3;151315;Low;1159,61
9817;1;21/9/2012;0;18;3361;69,87;3,721;6352,3;7,64;4,69;1010,06;6456,71;222,7818386;6,908;3;151315;Low;336,1
9821;1;21/9/2012;0;16;13415,51;69,87;3,721;6352,3;7,64;4,69;1010,06;6456,71;222,7818386;6,908;3;151315;Low;1341,551
9824;1;21/9/2012;0;10;29203,63;69,87;3,721;6352,3;7,64;4,69;1010,06;6456,71;222,7818386;6,908;3;151315;High;2920,363
9825;1;21/9/2012;0;13;39746,87;69,87;3,721;6352,3;7,64;4,69;1010,06;6456,71;222,7818386;6,908;3;151315;High;3974,687
9829;1;21/9/2012;0;12;9448,14;69,87;3,721;6352,3;7,64;4,69;1010,06;6456,71;222,7818386;6,908;3;151315;Low;944,814
9831;1;21/9/2012;0;19;1015,46;69,87;3,721;6352,3;7,64;4,69;1010,06;6456,71;222,7818386;6,908;3;151315;Low;101,546
9833;1;21/9/2012;0;3;13403,63;69,87;3,721;6352,3;7,64;4,69;1010,06;6456,71;222,7818386;6,908;3;151315;Low;1340,363
9839;1;21/9/2012;0;9;33889,72;69,87;3,721;6352,3;7,64;4,69;1010,06;6456,71;222,7818386;6,908;3;151315;High;3388,972
9842;1;21/9/2012;0;11;18161,43;69,87;3,721;6352,3;7,64;4,69;1010,06;6456,71;222,7818386;6,908;3;151315;Low;1816,143
9844;1;21/9/2012;0;8;36404,63;69,87;3,721;6352,3;7,64;4,69;1010,06;6456,71;222,7818386;6,908;3;151315;High;3640,463
9846;1;21/9/2012;0;1;19251,5;69,87;3,721;6352,3;7,64;4,69;1010,06;6456,71;222,7818386;6,908;3;151315;Low;1925,15
9849;1;21/9/2012;0;20;3532,28;69,87;3,721;6352,3;7,64;4,69;1010,06;6456,71;222,7818386;6,908;3;151315;Low;353,228
9852;1;21/9/2012;0;14;12193,8;69,87;3,721;6352,3;7,64;4,69;1010,06;6456,71;222,7818386;6,908;3;151315;Low;1219,38
9856;1;21/9/2012;0;17;7143,59;69,87;3,721;6352,3;7,64;4,69;1010,06;6456,71;222,7818386;6,908;3;151315;Low;714,359
9867;1;21/9/2012;0;6;4159,51;69,87;3,721;6352,3;7,64;4,69;1010,06;6456,71;222,7818386;6,908;3;151315;Low;415,951
9868;1;21/9/2012;0;2;43541,07;69,87;3,721;6352,3;7,64;4,69;1010,06;6456,71;222,7818386;6,908;3;151315;High;4354,107
9870;1;21/9/2012;0;4;34507,34;69,87;3,721;6352,3;7,64;4,69;1010,06;6456,71;222,7818386;6,908;3;151315;High;3450,734
9875;1;21/9/2012;0;7;22542,44;69,87;3,721;6352,3;7,64;4,69;1010,06;6456,71;222,7818386;6,908;3;151315;High;2254,244
9877;1;21/9/2012;0;5;25798,78;69,87;3,721;6352,3;7,64;4,69;1010,06;6456,71;222,7818386;6,908;3;151315;High;2579,878
9883;1;28/9/2012;0;16;14734,64;76,08;3,666;3666,27;7,64;1,65;1417,96;4744,28;222,9816579;6,908;3;151315;Low;1473,464
9886;1;28/9/2012;0;10;27205,4;76,08;3,666;3666,27;7,64;1,65;1417,96;4744,28;222,9816579;6,908;3;151315;High;2720,54
9890;1;28/9/2012;0;18;4867,7;76,08;3,666;3666,27;7,64;1,65;1417,96;4744,28;222,9816579;6,908;3;151315;Low;486,77
9897;1;28/9/2012;0;13;39793,41;76,08;3,666;3666,27;7,64;1,65;1417,96;4744,28;222,9816579;6,908;3;151315;High;3979,341
9899;1;28/9/2012;0;19;1385,85;76,08;3,666;3666,27;7,64;1,65;1417,96;4744,28;222,9816579;6,908;3;151315;Low;138,585
9901;1;28/9/2012;0;3;13085,95;76,08;3,666;3666,27;7,64;1,65;1417,96;4744,28;222,9816579;6,908;3;151315;Low;1308,595
9906;1;28/9/2012;0;8;37254,84;76,08;3,666;3666,27;7,64;1,65;1417,96;4744,28;222,9816579;6,908;3;151315;High;3725,484
9907;1;28/9/2012;0;12;11013,77;76,08;3,666;3666,27;7,64;1,65;1417,96;4744,28;222,9816579;6,908;3;151315;Low;1101,377
9909;1;28/9/2012;0;11;17242,78;76,08;3,666;3666,27;7,64;1,65;1417,96;4744,28;222,9816579;6,908;3;151315;Low;1724,278
9921;1;28/9/2012;0;2;45784,76;76,08;3,666;3666,27;7,64;1,65;1417,96;4744,28;222,9816579;6,908;3;151315;High;4578,476
9926;1;28/9/2012;0;5;22560,39;76,08;3,666;3666,27;7,64;1,65;1417,96;4744,28;222,9816579;6,908;3;151315;High;2256,039
9927;1;28/9/2012;0;1;18947,81;76,08;3,666;3666,27;7,64;1,65;1417,96;4744,28;222,9816579;6,908;3;151315;Low;1894,781
9928;1;28/9/2012;0;20;3200,54;76,08;3,666;3666,27;7,64;1,65;1417,96;4744,28;222,9816579;6,908;3;151315;Low;320,054
9930;1;28/9/2012;0;9;40712,85;76,08;3,666;3666,27;7,64;1,65;1417,96;4744,28;222,9816579;6,908;3;151315;High;4071,285
9937;1;28/9/2012;0;6;3168,68;76,08;3,666;3666,27;7,64;1,65;1417,96;4744,28;222,9816579;6,908;3;151315;Low;316,868
9939;1;28/9/2012;0;17;7155,75;76,08;3,666;3666,27;7,64;1,65;1417,96;4744,28;222,9816579;6,908;3;151315;Low;715,575
9943;1;28/9/2012;0;4;34647,33;76,08;3,666;3666,27;7,64;1,65;1417,96;4744,28;222,9816579;6,908;3;151315;High;3464,733
9944;1;28/9/2012;0;14;12037,66;76,08;3,666;3666,27;7,64;1,65;1417,96;4744,28;222,9816579;6,908;3;151315;Low;1203,766
9952;1;28/9/2012;0;7;22343,24;76,08;3,666;3666,27;7,64;1,65;1417,96;4744,28;222,9816579;6,908;3;151315;High;2234,324
9956;1;5/10/2012;0;18;7291,46;68,55;3,617;8077,89;0;18,22;3617,43;3626,14;223,1814772;6,573;3;151315;Low;729,146
9957;1;5/10/2012;0;16;11320,41;68,55;3,617;8077,89;0;18,22;3617,43;3626,14;223,1814772;6,573;3;151315;Low;1132,041
9958;1;5/10/2012;0;10;27822,4;68,55;3,617;8077,89;0;18,22;3617,43;3626,14;223,1814772;6,573;3;151315;High;2782,24
9970;1;5/10/2012;0;13;43746,89;68,55;3,617;8077,89;0;18,22;3617,43;3626,14;223,1814772;6,573;3;151315;High;4374,689
9971;1;5/10/2012;0;11;22374,18;68,55;3,617;8077,89;0;18,22;3617,43;3626,14;223,1814772;6,573;3;151315;High;2237,418
9974;1;5/10/2012;0;12;10037,09;68,55;3,617;8077,89;0;18,22;3617,43;3626,14;223,1814772;6,573;3;151315;Low;1003,709
9976;1;5/10/2012;0;19;1192,58;68,55;3,617;8077,89;0;18,22;3617,43;3626,14;223,1814772;6,573;3;151315;Low;119,258
9978;1;5/10/2012;0;9;40439,53;68,55;3,617;8077,89;0;18,22;3617,43;3626,14;223,1814772;6,573;3;151315;High;4043,953
9980;1;5/10/2012;0;3;11676,98;68,55;3,617;8077,89;0;18,22;3617,43;3626,14;223,1814772;6,573;3;151315;Low;1167,698
9983;1;5/10/2012;0;8;42663,75;68,55;3,617;8077,89;0;18,22;3617,43;3626,14;223,1814772;6,573;3;151315;High;4266,375
9990;1;5/10/2012;0;6;3843,29;68,55;3,617;8077,89;0;18,22;3617,43;3626,14;223,1814772;6,573;3;151315;Low;384,329
9992;1;5/10/2012;0;17;9040,52;68,55;3,617;8077,89;0;18,22;3617,43;3626,14;223,1814772;6,573;3;151315;Low;904,052
9997;1;5/10/2012;0;5;25508,81;68,55;3,617;8077,89;0;18,22;3617,43;3626,14;223,1814772;6,573;3;151315;High;2550,881
10000;1;5/10/2012;0;14;14381,21;68,55;3,617;8077,89;0;18,22;3617,43;3626,14;223,1814772;6,573;3;151315;Low;1438,121
10002;1;5/10/2012;0;2;48577,08;68,55;3,617;8077,89;0;18,22;3617,43;3626,14;223,1814772;6,573;3;151315;High;4857,708
10007;1;5/10/2012;0;1;21904,47;68,55;3,617;8077,89;0;18,22;3617,43;3626,14;223,1814772;6,573;3;151315;High;2190,447
10017;1;5/10/2012;0;4;39311,93;68,55;3,617;8077,89;0;18,22;3617,43;3626,14;223,1814772;6,573;3;151315;High;3931,193
10022;1;5/10/2012;0;7;22071,39;68,55;3,617;8077,89;0;18,22;3617,43;3626,14;223,1814772;6,573;3;151315;High;2207,139
10025;1;5/10/2012;0;20;4184,73;68,55;3,617;8077,89;0;18,22;3617,43;3626,14;223,1814772;6,573;3;151315;Low;418,473
10028;1;12/10/2012;0;19;1415,68;62,99;3,601;2086,18;0;8,11;602,36;5926,45;223,3812965;6,573;3;151315;Low;141,568
10029;1;12/10/2012;0;10;27803,78;62,99;3,601;2086,18;0;8,11;602,36;5926,45;223,3812965;6,573;3;151315;High;2780,378
10030;1;12/10/2012;0;16;10525,66;62,99;3,601;2086,18;0;8,11;602,36;5926,45;223,3812965;6,573;3;151315;Low;1052,566
10035;1;12/10/2012;0;18;8171,79;62,99;3,601;2086,18;0;8,11;602,36;5926,45;223,3812965;6,573;3;151315;Low;817,179
10036;1;12/10/2012;0;11;21857,09;62,99;3,601;2086,18;0;8,11;602,36;5926,45;223,3812965;6,573;3;151315;High;2185,709
10038;1;12/10/2012;0;13;38015,36;62,99;3,601;2086,18;0;8,11;602,36;5926,45;223,3812965;6,573;3;151315;High;3801,536
10042;1;12/10/2012;0;12;8983,82;62,99;3,601;2086,18;0;8,11;602,36;5926,45;223,3812965;6,573;3;151315;Low;898,382
10051;1;12/10/2012;0;8;37248,47;62,99;3,601;2086,18;0;8,11;602,36;5926,45;223,3812965;6,573;3;151315;High;3724,847
10058;1;12/10/2012;0;14;11450,64;62,99;3,601;2086,18;0;8,11;602,36;5926,45;223,3812965;6,573;3;151315;Low;1145,064
10061;1;12/10/2012;0;3;10487,17;62,99;3,601;2086,18;0;8,11;602,36;5926,45;223,3812965;6,573;3;151315;Low;1048,717
10062;1;12/10/2012;0;2;42112,67;62,99;3,601;2086,18;0;8,11;602,36;5926,45;223,3812965;6,573;3;151315;High;4211,267
10063;1;12/10/2012;0;6;3788,59;62,99;3,601;2086,18;0;8,11;602,36;5926,45;223,3812965;6,573;3;151315;Low;378,859
10069;1;12/10/2012;0;9;37126,23;62,99;3,601;2086,18;0;8,11;602,36;5926,45;223,3812965;6,573;3;151315;High;3712,623
10073;1;12/10/2012;0;17;7908,36;62,99;3,601;2086,18;0;8,11;602,36;5926,45;223,3812965;6,573;3;151315;Low;790,836
10083;1;12/10/2012;0;4;35446,18;62,99;3,601;2086,18;0;8,11;602,36;5926,45;223,3812965;6,573;3;151315;High;3544,618
10085;1;12/10/2012;0;1;22764,01;62,99;3,601;2086,18;0;8,11;602,36;5926,45;223,3812965;6,573;3;151315;High;2276,401
10086;1;12/10/2012;0;20;3126,49;62,99;3,601;2086,18;0;8,11;602,36;5926,45;223,3812965;6,573;3;151315;Low;312,649
10088;1;12/10/2012;0;5;20920,03;62,99;3,601;2086,18;0;8,11;602,36;5926,45;223,3812965;6,573;3;151315;High;2092,003
10094;1;12/10/2012;0;7;20212,71;62,99;3,601;2086,18;0;8,11;602,36;5926,45;223,3812965;6,573;3;151315;High;2021,271
10101;1;19/10/2012;0;19;1247,56;67,97;3,594;950,33;0;4,93;80,25;2312,85;223,4257233;6,573;3;151315;Low;124,756
10103;1;19/10/2012;0;2;42354,72;67,97;3,594;950,33;0;4,93;80,25;2312,85;223,4257233;6,573;3;151315;High;4235,472
10106;1;19/10/2012;0;8;38668,75;67,97;3,594;950,33;0;4,93;80,25;2312,85;223,4257233;6,573;3;151315;High;3866,875
10113;1;19/10/2012;0;10;29442,38;67,97;3,594;950,33;0;4,93;80,25;2312,85;223,4257233;6,573;3;151315;High;2944,238
10115;1;19/10/2012;0;9;36690,81;67,97;3,594;950,33;0;4,93;80,25;2312,85;223,4257233;6,573;3;151315;High;3669,081
10116;1;19/10/2012;0;4;35549,19;67,97;3,594;950,33;0;4,93;80,25;2312,85;223,4257233;6,573;3;151315;High;3554,919
10123;1;19/10/2012;0;14;12035,51;67,97;3,594;950,33;0;4,93;80,25;2312,85;223,4257233;6,573;3;151315;Low;1203,551
10127;1;19/10/2012;0;11;18259,82;67,97;3,594;950,33;0;4,93;80,25;2312,85;223,4257233;6,573;3;151315;Low;1825,982
10130;1;19/10/2012;0;1;24185,27;67,97;3,594;950,33;0;4,93;80,25;2312,85;223,4257233;6,573;3;151315;High;2418,527
10131;1;19/10/2012;0;13;38341,15;67,97;3,594;950,33;0;4,93;80,25;2312,85;223,4257233;6,573;3;151315;High;3834,115
10135;1;19/10/2012;0;12;10830,48;67,97;3,594;950,33;0;4,93;80,25;2312,85;223,4257233;6,573;3;151315;Low;1083,048
10136;1;19/10/2012;0;7;21937,45;67,97;3,594;950,33;0;4,93;80,25;2312,85;223,4257233;6,573;3;151315;High;2193,745
10144;1;19/10/2012;0;3;8548,87;67,97;3,594;950,33;0;4,93;80,25;2312,85;223,4257233;6,573;3;151315;Low;854,887
10145;1;19/10/2012;0;18;10569,09;67,97;3,594;950,33;0;4,93;80,25;2312,85;223,4257233;6,573;3;151315;Low;1056,909
10152;1;19/10/2012;0;6;3496,69;67,97;3,594;950,33;0;4,93;80,25;2312,85;223,4257233;6,573;3;151315;Low;349,669
10157;1;19/10/2012;0;5;20413,83;67,97;3,594;950,33;0;4,93;80,25;2312,85;223,4257233;6,573;3;151315;High;2041,383
10159;1;19/10/2012;0;16;9518,43;67,97;3,594;950,33;0;4,93;80,25;2312,85;223,4257233;6,573;3;151315;Low;951,843
10162;1;19/10/2012;0;20;3640,07;67,97;3,594;950,33;0;4,93;80,25;2312,85;223,4257233;6,573;3;151315;Low;364,007
10167;1;19/10/2012;0;17;7640,43;67,97;3,594;950,33;0;4,93;80,25;2312,85;223,4257233;6,573;3;151315;Low;764,043
10172;1;26/10/2012;0;4;36292,6;69,16;3,506;2585,85;31,75;6;1057,16;1305,01;223,4442513;6,573;3;151315;High;3629,26
10174;1;26/10/2012;0;1;27390,81;69,16;3,506;2585,85;31,75;6;1057,16;1305,01;223,4442513;6,573;3;151315;High;2739,081
10176;1;26/10/2012;0;2;43134,88;69,16;3,506;2585,85;31,75;6;1057,16;1305,01;223,4442513;6,573;3;151315;High;4313,488
10183;1;26/10/2012;0;8;39255,35;69,16;3,506;2585,85;31,75;6;1057,16;1305,01;223,4442513;6,573;3;151315;High;3925,535
10197;1;26/10/2012;0;3;9350,9;69,16;3,506;2585,85;31,75;6;1057,16;1305,01;223,4442513;6,573;3;151315;Low;935,09
10201;1;26/10/2012;0;16;9934,63;69,16;3,506;2585,85;31,75;6;1057,16;1305,01;223,4442513;6,573;3;151315;Low;993,463
10209;1;26/10/2012;0;6;4032,5;69,16;3,506;2585,85;31,75;6;1057,16;1305,01;223,4442513;6,573;3;151315;Low;403,25
10214;1;26/10/2012;0;18;17934,28;69,16;3,506;2585,85;31,75;6;1057,16;1305,01;223,4442513;6,573;3;151315;Low;1793,428
10215;1;26/10/2012;0;10;26285,27;69,16;3,506;2585,85;31,75;6;1057,16;1305,01;223,4442513;6,573;3;151315;High;2628,527
10216;1;26/10/2012;0;20;2680,53;69,16;3,506;2585,85;31,75;6;1057,16;1305,01;223,4442513;6,573;3;151315;Low;268,053
10217;1;26/10/2012;0;12;8658,41;69,16;3,506;2585,85;31,75;6;1057,16;1305,01;223,4442513;6,573;3;151315;Low;865,841
10219;1;26/10/2012;0;14;11150;69,16;3,506;2585,85;31,75;6;1057,16;1305,01;223,4442513;6,573;3;151315;Low;1115
10221;1;26/10/2012;0;17;7640,92;69,16;3,506;2585,85;31,75;6;1057,16;1305,01;223,4442513;6,573;3;151315;Low;764,092
10228;1;26/10/2012;0;5;25846,94;69,16;3,506;2585,85;31,75;6;1057,16;1305,01;223,4442513;6,573;3;151315;High;2584,694
10231;1;26/10/2012;0;7;21449,85;69,16;3,506;2585,85;31,75;6;1057,16;1305,01;223,4442513;6,573;3;151315;High;2144,985
10233;1;26/10/2012;0;9;41040,84;69,16;3,506;2585,85;31,75;6;1057,16;1305,01;223,4442513;6,573;3;151315;High;4104,084
10235;1;26/10/2012;0;11;22399,83;69,16;3,506;2585,85;31,75;6;1057,16;1305,01;223,4442513;6,573;3;151315;High;2239,983
10236;1;26/10/2012;0;19;1640,81;69,16;3,506;2585,85;31,75;6;1057,16;1305,01;223,4442513;6,573;3;151315;Low;164,081
10239;1;26/10/2012;0;13;38512,48;69,16;3,506;2585,85;31,75;6;1057,16;1305,01;223,4442513;6,573;3;151315;High;3851,248
